time,latitude,longitude,depth,mag,magType,nst,gap,dmin,rms,net,id,updated,place,type,horizontalError,depthError,magError,magNst,status,locationSource,magSource
2024-08-09T04:23:35.025Z,31.6473,76.9775,10,3.6,mb,9,187,3.712,0.75,us,us6000nj0n,2024-08-09T05:11:48.791Z,"7 km WSW of Pāndoh, India",earthquake,9.75,2.002,0.353,2,reviewed,us,us
2024-06-08T18:17:19.165Z,27.8429,75.3219,10.714,4,mb,12,184,6.052,1.1,us,us7000mr80,2024-08-16T21:59:23.040Z,"4 km ESE of Nawalgarh, India",earthquake,12.82,5.448,0.164,10,reviewed,us,us
2023-10-14T21:53:08.277Z,31.8115,79.3974,10,4.3,mb,43,154,5.481,0.6,us,us6000lflt,2023-12-16T22:13:09.040Z,"140 km N of Joshīmath, India",earthquake,5.54,1.864,0.122,19,reviewed,us,us
2023-10-08T13:37:04.576Z,31.7268,79.3465,10,4.5,mb,34,161,5.471,0.99,us,us6000le17,2023-12-16T22:13:05.040Z,"131 km N of Joshīmath, India",earthquake,8.96,1.91,0.131,17,reviewed,us,us
2023-07-20T22:39:44.949Z,26.8685,75.8906,10,4.3,mb,37,199,7.129,0.44,us,us7000kh99,2024-06-08T19:58:22.813Z,"11 km ESE of Jaipur, India",earthquake,9.9,1.99,0.125,18,reviewed,us,us
2023-07-07T05:20:53.879Z,31.536,78.3517,10,4.3,mb,29,123,4.78,0.82,us,us6000kqna,2023-09-09T21:54:54.040Z,"53 km E of Sarāhan, India",earthquake,8.02,1.857,0.147,13,reviewed,us,us
2023-05-04T04:20:30.480Z,30.5173,79.0377,27.66,4.2,mb,18,166,6.092,0.57,us,us6000kau8,2023-07-15T22:10:22.040Z,"Uttaranchal, India",earthquake,12.55,5.644,0.264,4,reviewed,us,us
2022-12-31T19:49:41.613Z,28.7191,76.6286,10,4.1,mb,21,179,5.696,0.57,us,us7000j1aj,2023-03-07T19:00:02.040Z,"Haryana, India",earthquake,9.35,1.929,0.158,13,reviewed,us,us
2022-11-16T16:02:53.870Z,31.8986,76.9792,10,4.4,mb,46,87,3.581,0.56,us,us7000iq4z,2023-01-28T19:58:19.040Z,"13 km WSW of Kulu, India",earthquake,3.67,1.816,0.102,28,reviewed,us,us
2022-11-09T00:57:14.321Z,29.9803,80.2903,22.974,4.4,mb,22,166,4.884,0.63,us,us7000ine2,2023-01-21T19:27:15.040Z,"26 km WNW of Dh?rchula, India",earthquake,9.97,6.418,0.117,21,reviewed,us,us
2022-11-06T03:03:03.944Z,30.7102,78.5669,22.322,4.6,mb,53,100,5.364,0.75,us,us7000imtm,2023-01-21T19:27:09.040Z,"Uttaranchal, India",earthquake,8.67,1.881,0.098,31,reviewed,us,us
2022-10-18T12:09:45.297Z,32.3641,78.6637,10,4.5,mb,77,88,4.711,0.61,us,us6000iuid,2022-12-31T23:03:38.040Z,"125 km NE of Sar?han, India",earthquake,7.79,1.842,0.077,50,reviewed,us,us
2022-07-24T07:06:54.744Z,30.7594,78.396,20.888,4,mb,23,169,5.215,0.58,us,us6000i7rv,2022-10-01T22:09:32.040Z,"5 km NW of Uttark?shi, India",earthquake,10.63,3.548,0.184,9,reviewed,us,us
2022-06-27T22:49:50.675Z,28.8231,76.6692,10,3.7,mb,14,202,5.624,0.44,us,us7000hkq7,2022-11-12T17:33:52.134Z,"11 km SE of Rohtak, India",earthquake,8,2,0.251,4,reviewed,us,us
2022-05-11T04:33:11.628Z,29.9682,80.4219,33.06,4.9,mb,59,100,4.775,0.4,us,us7000h8ii,2022-07-22T18:31:12.040Z,"16 km NW of Dh?rchula, India",earthquake,8.2,3.9,0.044,163,reviewed,us,us
2022-04-09T11:22:33.744Z,30.9544,78.2383,10,4.3,mb,,167,4.992,0.39,us,us7000h0w1,2022-06-20T22:07:34.040Z,"16 km N of Barkot, India",earthquake,5.4,1.9,0.119,20,reviewed,us,us
2022-02-25T07:29:03.263Z,32.3654,76.3939,10,3.6,mb,,173,2.921,0.7,us,us6000h0l1,2022-05-04T13:40:36.040Z,"17 km NNE of Dharamsala, India",earthquake,5.4,2,0.25,4,reviewed,us,us
2022-02-23T04:28:24.354Z,31.4596,77.8709,10,4.2,mb,,130,4.457,0.8,us,us7000gn46,2022-05-04T13:39:58.040Z,"9 km SE of Sar?han, India",earthquake,7.1,1.9,0.146,13,reviewed,us,us
2022-02-06T05:57:32.293Z,31.5122,78.0555,10,4.2,mb,,137,4.568,0.56,us,us7000gidp,2022-04-19T17:38:43.040Z,"24 km E of Sar?han, India",earthquake,9.1,1.9,0.118,21,reviewed,us,us
2022-01-24T19:38:59.306Z,29.9803,80.3548,10,4,mb,,129,4.833,0.81,us,us7000gen0,2022-04-09T20:18:59.040Z,"21 km NW of Dh?rchula, India",earthquake,9.5,1.9,0.106,24,reviewed,us,us
2021-12-29T19:08:19.232Z,29.9056,80.3449,10,4.5,mb,,152,4.809,0.65,us,us7000gakz,2022-03-05T23:11:09.040Z,"18 km WNW of Dh?rchula, India",earthquake,9,1.9,0.098,30,reviewed,us,us
2021-11-23T16:31:58.690Z,31.3163,77.1736,10,4.3,mb,,97,4.038,0.6,us,us7000fwgt,2022-01-29T22:55:33.040Z,"9 km NNE of Seoni, India",earthquake,9.3,1.9,0.122,19,reviewed,us,us
2021-11-09T10:57:27.886Z,31.9939,78.5517,10,4.6,mb,,84,4.744,0.41,us,us7000fsnw,2022-01-15T20:51:42.040Z,"89 km NE of Sar?han, India",earthquake,6.7,1.8,0.066,69,reviewed,us,us
2021-09-11T00:28:30.709Z,30.4791,79.282,10,4.7,mb,,81,6.003,0.49,us,us7000fa6y,2021-11-23T15:09:30.040Z,"15 km WNW of P?palkoti, India",earthquake,9.1,1.9,0.057,95,reviewed,us,us
2021-08-24T16:48:13.463Z,32.0551,78.7955,10,4.7,mb,,46,4.915,0.58,us,us7000f3a5,2021-11-02T14:54:59.040Z,"112 km ENE of Sar?han, India",earthquake,8.9,1.8,0.067,72,reviewed,us,us
2021-08-10T08:12:46.310Z,30.2767,78.1005,10,3.6,mb,,291,8.756,0.93,us,us6000f3yt,2021-10-23T15:46:02.040Z,"3 km SSE of R?ipur, India",earthquake,11.4,2,0.287,3,reviewed,us,us
2021-07-05T17:06:55.336Z,28.9016,76.839,10,3.9,mb,,199,5.634,1.28,us,us7000eiwa,2021-09-10T20:07:23.040Z,"7 km WNW of Kharkhauda, India",earthquake,6.1,2,0.143,13,reviewed,us,us
2021-05-23T19:01:39.963Z,30.8764,79.2707,10,4.5,mb,,81,5.787,0.57,us,us7000e5kt,2021-07-31T22:08:59.040Z,"45 km NW of Josh?math, India",earthquake,7.4,1.8,0.094,33,reviewed,us,us
2021-04-15T22:26:24.010Z,32.4789,78.7499,10,4.6,mb,,51,4.748,0.79,us,us6000e1yd,2022-08-09T04:37:07.387Z,"140 km NE of Sar?han, India",earthquake,7.7,1.8,0.051,117,reviewed,us,us
2021-01-09T14:51:50.407Z,32.521,76.6552,22.64,4.5,mb,,152,3.058,0.72,us,us6000d71u,2021-03-20T21:23:19.040Z,"35 km W of Kyelang, India",earthquake,10,6.7,0.096,32,reviewed,us,us
2020-12-17T18:16:48.782Z,28.5188,77.2852,10,3.8,mb,,189,8.421,0.81,us,us7000cryp,2021-02-27T23:25:18.040Z,"5 km ENE of Deoli, India",earthquake,13.9,2,0.18,8,reviewed,us,us
2020-07-03T13:30:49.114Z,28.142,76.5366,30.38,4.3,mb,,169,6.166,0.74,us,us7000ahde,2020-09-11T22:14:00.040Z,"9 km NNW of B?wal, India",earthquake,10.2,5.6,0.116,21,reviewed,us,us
2020-05-29T15:38:41.657Z,29.1724,77.0219,10,4.2,mb,,185,8.64,1.09,us,us6000a1wn,2020-08-15T20:19:48.040Z,"Uttar Pradesh, India",earthquake,10.2,2,0.152,12,reviewed,us,us
2020-05-10T08:15:27.178Z,28.7268,77.3516,10,3.7,mb,,203,9.149,0.52,us,us70009ebf,2020-07-29T22:14:27.040Z,"6 km ESE of Loni, India",earthquake,8.9,2,0.253,4,reviewed,us,us
2020-04-12T12:15:02.191Z,28.8336,77.3589,10,3.8,mb,,185,5.942,0.75,us,us70008utq,2020-12-17T19:10:55.070Z,"Haryana-Delhi-Uttar Pradesh region, India",earthquake,12.6,2,0.154,11,reviewed,us,us
2020-02-08T01:01:46.831Z,30.0278,79.9831,18.78,4.7,mb,,97,6.758,0.66,us,us70007lc7,2022-03-10T05:05:12.187Z,"29 km NE of B?geshwar, India",earthquake,8.9,4.4,0.063,76,reviewed,us,us
2019-11-12T02:00:26.426Z,30.0659,80.2927,10,4.3,mb,,94,6.082,0.51,us,us60006ag4,2020-02-07T20:20:14.040Z,"32 km NW of Dh?rchula, India",earthquake,8.7,1.9,0.113,22,reviewed,us,us
2019-03-16T23:41:28.160Z,27.4854,76.867,10,4,mb,,98,6.883,0.74,us,us1000jh8z,2019-06-01T21:24:20.040Z,"13 km W of Govindgarh, India",earthquake,12.1,1,0.119,19,reviewed,us,us
2019-02-20T02:29:34.520Z,29.3387,77.3166,10,4,mb,,198,5.515,0.61,us,us2000jkem,2019-05-11T17:40:41.040Z,"4 km ENE of K?ndhla, India",earthquake,12.9,2,0.26,4,reviewed,us,us
2018-09-10T00:58:05.880Z,28.8193,76.8395,10,3.6,mb,,217,5.704,0.89,us,us2000hbnn,2018-11-21T18:19:07.040Z,"7 km NE of Kheri S?mpla, India",earthquake,13.1,2,0.166,9,reviewed,us,us
2018-09-09T11:07:02.910Z,28.6531,76.8101,10,4.6,mb,,95,8.843,1.05,us,us2000hgq4,2020-07-10T17:18:09.647Z,"13 km WSW of Bah?durgarh, India",earthquake,6.5,1.9,0.182,9,reviewed,us,us
2018-07-08T04:13:25.170Z,27.7857,76.207,10,3.6,mb,,224,6.369,0.99,us,us2000g00w,2022-08-08T05:49:38.444Z,"9 km N of Kotputli, India",earthquake,10.2,2,0.224,5,reviewed,us,us
2018-07-01T10:07:02.900Z,29.0928,76.9296,10,4.5,mb,,150,5.517,1.03,us,us2000fsyl,2020-07-10T17:12:12.662Z,"13 km NW of Son?pat, India",earthquake,11.9,1.9,0.131,17,reviewed,us,us
2018-06-16T22:06:35.230Z,31.7248,77.6864,10,3.2,mb,,180,4.19,1.31,us,us1000euye,2018-09-07T17:47:08.040Z,"25 km NNW of Sar?han, India",earthquake,9.3,2,0.278,3,reviewed,us,us
2018-06-14T00:42:07.560Z,30.8612,78.2815,10,4.4,mb,,166,5.075,0.76,us,us1000ewlh,2018-09-07T17:47:09.040Z,"9 km NE of Barkot, India",earthquake,4.9,1.9,0.12,20,reviewed,us,us
2018-06-06T17:41:24.020Z,30.7553,78.9228,10,4.5,mb,,151,5.594,1.19,us,us1000ejt1,2018-08-29T16:34:38.040Z,"45 km E of Uttark?shi, India",earthquake,10.2,1.9,0.081,44,reviewed,us,us
2018-05-21T10:51:02.750Z,31.7412,78.4799,10,4.5,mb,,104,4.788,0.82,us,us1000e99b,2018-08-21T21:23:47.040Z,"69 km ENE of Sar?han, India",earthquake,5.2,1.8,0.097,31,reviewed,us,us
2018-04-19T22:52:37.900Z,31.2589,80.4048,29.83,4,mb,,163,6.474,0.98,us,us1000dnx9,2018-07-17T02:05:32.040Z,"111 km NE of Josh?math, India",earthquake,6.3,8.8,0.134,15,reviewed,us,us
2017-12-06T15:19:49.970Z,30.6339,79.1601,10,5.1,mb,,50,5.831,0.75,us,us1000bmru,2022-05-03T19:01:49.119Z,"34 km NW of P?palkoti, India",earthquake,8.1,1.8,0.04,199,reviewed,us,us
2017-10-27T02:37:45.580Z,31.9508,77.4341,14.96,4.1,mb,,224,3.895,0.74,us,us1000axdn,2018-01-17T21:50:35.040Z,"30 km E of Kulu, India",earthquake,8.8,6.5,0.198,7,reviewed,us,us
2017-06-01T22:55:54.880Z,28.9744,76.7797,10,4.7,mb,,69,5.545,0.76,us,us20009j48,2020-07-10T16:43:09.412Z,"16 km NW of Kharkhauda, India",earthquake,8.3,1.8,0.045,150,reviewed,us,us
2017-02-06T17:03:06.530Z,30.6544,79.1645,16.05,5.1,mwb,,39,5.823,0.67,us,us20008hyg,2023-01-12T12:46:11.081Z,"36 km NW of P?palkoti, India",earthquake,7.9,3.2,0.059,28,reviewed,us,us
2016-11-16T22:59:24.610Z,28.0012,76.7017,10,4.4,mb,,98,6.357,0.7,us,us1000793m,2017-02-09T03:02:32.040Z,"14 km SE of B?wal, India",earthquake,10.5,1.9,0.089,36,reviewed,us,us
2016-09-10T15:27:23.480Z,28.7684,76.5733,10,4.1,mb,,202,5.629,0.9,us,us10006nsd,2016-12-07T02:56:09.040Z,"7 km N of Beri Kh?s, India",earthquake,11.2,2,0.157,11,reviewed,us,us
2016-08-27T03:38:08.270Z,31.2127,77.7742,10,4.1,mb,,179,4.518,1.16,us,us10006j3q,2016-11-29T01:28:41.040Z,"2 km ENE of Rohru, India",earthquake,11.8,2,0.124,18,reviewed,us,us
2016-08-27T01:35:05.900Z,31.4834,77.6806,10,4.5,mb,,152,4.306,0.69,us,us20006ufn,2016-11-29T01:28:41.040Z,"6 km NE of R?mpur, India",earthquake,9,1.9,0.091,36,reviewed,us,us
2016-08-27T01:14:30.110Z,31.4746,77.7102,10,4.6,mb,,106,4.332,0.8,us,us20006ufk,2016-11-29T01:28:41.040Z,"8 km ENE of R?mpur, India",earthquake,7.5,1.3,0.066,69,reviewed,us,us
2016-08-01T13:38:32.850Z,31.3148,76.9876,35.06,4.5,mb,,118,3.911,1.38,us,us10006acy,2016-10-19T04:52:06.040Z,"15 km WNW of Seoni, India",earthquake,8.8,6.9,0.164,11,reviewed,us,us
2015-11-29T02:47:52.820Z,31.373,78.7325,35,4.1,mb,,156,5.143,1.33,us,us100041zf,2016-02-25T22:33:00.040Z,"76 km NNE of Uttark?shi, India",earthquake,4.9,2,0.197,7,reviewed,us,us
2015-10-08T01:04:21.950Z,31.5958,76.9677,36.04,4.2,mb,,148,3.733,0.71,us,us10003l2c,2016-01-11T21:07:15.040Z,"8 km NE of Sundarnagar, India",earthquake,8.8,6.6,0.167,10,reviewed,us,us
2015-09-29T09:27:17.090Z,29.996,80.3737,35,4.6,mb,,126,4.895,1.05,us,us10003iqz,2015-12-28T23:08:49.040Z,"21 km NW of Dh?rchula, India",earthquake,8.8,1.5,0.083,43,reviewed,us,us
2015-09-03T17:57:47.570Z,27.3767,75.4937,14.2,4,mb,,101,6.541,0.76,us,us20003g1d,2022-08-01T03:27:19.431Z,"7 km W of R?ngas, India",earthquake,11.3,6.7,0.156,11,reviewed,us,us
2015-08-05T19:15:56.760Z,30.3652,80.3368,10,4.1,mb,,176,5.097,0.73,us,us10002y84,2015-10-30T02:47:51.040Z,"60 km NNW of Dh?rchula, India",earthquake,6.5,1.9,0.145,13,reviewed,us,us
2015-07-18T23:48:08.680Z,30.4476,79.1538,10,4.4,mb,,97,5.929,0.58,us,us20002ygc,2015-10-14T21:05:43.040Z,"24 km NE of Rudrapray?g, India",earthquake,9.5,1.9,0.09,36,reviewed,us,us
2015-04-01T21:23:54.400Z,30.3521,79.5107,10,4.9,mb,,31,6.238,0.52,us,us10001sx7,2022-07-28T05:43:36.289Z,"11 km SE of P?palkoti, India",earthquake,6.9,1.8,0.05,124,reviewed,us,us
2015-02-14T00:44:36.430Z,31.3449,80.3877,32.72,4.2,mb,,111,6.438,0.64,us,usc000trhi,2015-05-11T23:20:13.040Z,"117 km NE of Josh?math, India",earthquake,4.7,6,0.128,20,reviewed,us,us
2015-02-13T22:21:52.220Z,31.215,80.3855,29.91,4.1,mb,,145,6.488,0.71,us,usb000tpa2,2015-05-11T23:20:13.040Z,"107 km NE of Josh?math, India",earthquake,8.9,6.5,0.151,13,reviewed,us,us
2014-12-06T04:27:42.580Z,30.6685,80.0267,10,4.1,mb,,175,6.455,1.36,us,usc000t88g,2015-02-28T02:16:10.040Z,"western Xizang-India border region",earthquake,9.6,1.9,0.521,3,reviewed,us,us
2014-08-24T08:29:31.740Z,30.0384,79.9591,10,4.4,mb,,68,6.734,0.81,us,usb000s5ta,2014-11-22T02:06:32.000Z,"28 km NE of B?geshwar, India",earthquake,8.7,1.9,0.11,24,reviewed,us,us
2014-08-21T08:11:18.820Z,32.3289,76.4266,10,4.9,mb,,45,2.963,0.75,us,usb000s4v3,2022-07-26T22:54:51.614Z,"15 km NE of Dharamsala, India",earthquake,7.6,1.8,0.05,134,reviewed,us,us
2014-07-06T14:48:13.060Z,30.3227,80.3415,43.73,4.1,mb,,146,6.862,1.11,us,usc000rqyt,2014-10-04T19:59:57.000Z,"55 km NNW of Dh?rchula, India",earthquake,,6.9,0.213,7,reviewed,us,us
2014-07-03T11:35:00.300Z,30.2451,80.3384,35,4,mb,,167,6.9,1.3,us,usb000rvy7,2014-10-04T19:59:52.000Z,"western Xizang-India border region",earthquake,,2,0.211,6,reviewed,us,us
2014-06-17T17:31:10.950Z,32.3316,76.4467,33.51,4.2,mb,,146,2.977,1.49,us,usc000rgty,2014-09-12T15:47:52.000Z,"17 km NE of Dharamsala, India",earthquake,,6.3,0.121,25,reviewed,us,us
2014-02-21T06:46:47.260Z,30.0104,76.1747,16.02,4.6,mb,,146,4.391,0.82,us,usb000n1g8,2020-07-10T18:27:37.267Z,"18 km ESE of Dirba, India",earthquake,,4.9,0.223,6,reviewed,us,us
2013-11-06T14:53:14.040Z,31.726,76.1301,41.11,4.4,mb,,120,3.082,0.97,us,usb000ktgz,2022-07-26T01:06:56.194Z,"9 km NE of Gagret, India",earthquake,,6.3,0.112,,reviewed,us,us
2013-08-29T10:13:24.110Z,31.4785,76.2727,38.33,4.4,mb,,146,3.335,0.84,us,usb000jd2p,2022-07-25T21:22:14.603Z,"1 km NNE of Una, India",earthquake,,6.6,0.139,,reviewed,us,us
2013-07-13T17:49:36.640Z,32.383,76.535,25.5,4.4,mb,64,93,,1.23,us,usb000idsv,2022-07-25T18:21:57.364Z,"27 km NE of Dharamsala, India",earthquake,,5.8,,43,reviewed,us,us
2013-02-24T00:57:30.210Z,27.264,75.491,10,3.6,mb,12,310.6,,0.86,us,usc000fcdj,2022-07-24T18:53:12.593Z,"13 km SW of R?ngas, India",earthquake,,,,3,reviewed,us,us
2013-02-11T10:48:52.100Z,30.969,78.268,10,4.6,mb,105,84.6,,0.94,us,usc000f5fv,2022-07-24T17:54:13.828Z,"18 km NNE of Barkot, India",earthquake,,,,35,reviewed,us,us
2012-12-20T13:00:53.810Z,27.651,76.116,10,3.9,mb,10,307.6,,1.67,us,usp000jx6n,2021-10-20T18:00:58.672Z,"9 km SW of Kotputli, India",earthquake,,,,4,reviewed,us,us
2012-11-27T12:15:16.870Z,30.9,78.422,23.4,4.4,mb,73,51.7,,0.79,us,usp000jw4z,2015-03-24T01:34:25.224Z,"18 km N of Uttark?shi, India",earthquake,,9.4,,31,reviewed,us,us
2012-11-11T20:23:12.680Z,32.294,76.331,10,4,mb,21,116.7,,0.96,us,usp000jvdc,2014-11-07T01:49:20.803Z,"8 km N of Dharamsala, India",earthquake,,,,2,reviewed,us,us
2012-10-08T17:46:20.670Z,31.832,78.444,10,4.9,mb,61,51.3,,0.98,us,usp000jtrg,2022-05-03T15:51:41.767Z,"71 km ENE of Sar?han, India",earthquake,,,,16,reviewed,us,us
2012-10-03T10:49:26.470Z,32.296,76.254,10,4.2,mb,40,85.5,,1.3,us,usp000jtfr,2014-11-07T01:49:02.004Z,"10 km NW of Dharamsala, India",earthquake,,,,8,reviewed,us,us
2012-10-02T08:34:54.360Z,32.471,76.632,10,4.8,mb,65,95.1,,1.15,us,usp000jtd8,2015-03-24T02:21:59.034Z,"38 km WSW of Kyelang, India",earthquake,,,,21,reviewed,us,us
2012-10-02T03:45:30.090Z,32.401,76.507,19.1,4.6,mb,49,145.5,,1.1,us,usp000jtcv,2014-11-07T01:49:00.595Z,"26 km NE of Dharamsala, India",earthquake,,26.7,,14,reviewed,us,us
2012-06-19T14:00:07.610Z,28.728,76.685,10,4.1,mb,33,98,,1.12,us,usp000jmz6,2014-11-07T01:48:06.946Z,"10 km WSW of Kheri S?mpla, India",earthquake,,0,,4,reviewed,us,us
2012-03-07T13:18:23.400Z,32.029,78.109,55.6,4.3,mb,28,145.4,,0.87,us,usp000jfwp,2014-11-07T01:47:12.366Z,"64 km NNE of Sar?han, India",earthquake,,10.9,,7,reviewed,us,us
2012-03-05T07:41:04.530Z,28.809,76.649,10,5.1,mb,177,45.6,,1.08,us,usp000jfth,2020-09-21T17:59:29.372Z,"11 km SSE of Rohtak, India",earthquake,,,,89,reviewed,us,us
2012-02-09T19:17:30.550Z,30.986,78.282,6.2,5.1,mb,177,46,,0.85,us,usp000jerg,2022-05-03T15:30:07.973Z,"20 km NNE of Barkot, India",earthquake,,11.8,,96,reviewed,us,us
2011-09-07T17:58:18.700Z,28.724,77.189,10,4.3,mb,20,183.6,,1.09,us,usp000j7rt,2021-10-20T17:58:35.601Z,"6 km NE of Pitampura, India",earthquake,,,,5,reviewed,us,us
2011-06-20T06:27:18.430Z,30.61,79.338,14.3,4.9,mb,103,50.1,,0.85,us,usp000j3fb,2022-07-19T18:13:43.971Z,"22 km NNW of P?palkoti, India",earthquake,,11.8,,61,reviewed,us,us
2011-05-04T20:57:19.260Z,30.323,80.433,25.4,4.6,mb,61,95.8,,0.93,us,usp000j10a,2014-11-07T01:44:44.949Z,"53 km N of Dh?rchula, India",earthquake,,18.1,,19,reviewed,us,us
2010-07-10T03:16:18.770Z,30.075,79.608,13.1,4.6,mb,40,52.2,,0.86,us,usp000hf3c,2014-11-07T01:41:51.852Z,"30 km NNW of B?geshwar, India",earthquake,,22.9,,11,reviewed,us,us
2010-07-06T19:08:25.870Z,29.841,80.397,32.8,5,mwc,133,47.5,,0.8,us,usp000hez9,2022-07-18T15:49:00.686Z,"11 km W of Dh?rchula, India",earthquake,,11.8,,,reviewed,us,gcmt
2010-07-04T02:35:59.130Z,29.854,80.375,11.6,4.7,mb,78,80.5,,0.93,us,usp000hevm,2014-11-07T01:41:50.313Z,"13 km W of Dh?rchula, India",earthquake,,17.5,,36,reviewed,us,us
2010-06-22T23:14:10.840Z,29.872,80.428,16.3,5.2,mb,174,48.2,,0.95,us,usp000hed7,2022-05-02T22:00:00.088Z,"9 km WNW of Dh?rchula, India",earthquake,,10.2,,87,reviewed,us,us
2010-06-02T08:05:22.880Z,31.406,80.251,35,4,mb,24,144,,0.74,us,usp000hdg6,2014-11-07T01:41:37.408Z,"114 km NE of Josh?math, India",earthquake,,,,2,reviewed,us,us
2010-05-28T07:25:02.580Z,31.135,77.839,18.8,5,mb,106,48.5,,0.74,us,usp000hd9n,2014-11-07T01:41:33.663Z,"10 km SE of Rohru, India",earthquake,,11.3,,44,reviewed,us,us
2010-05-03T17:15:08.000Z,30.27,78.314,13.5,4,mb,39,93.4,,1.14,us,usp000hc9a,2014-11-07T01:41:26.281Z,"12 km NNE of Narendranagar, India",earthquake,,20.7,,4,reviewed,us,us
2010-05-01T22:36:29.370Z,30.099,80.026,35.5,4.5,mb,61,62.3,,0.88,us,usp000hc68,2020-09-21T16:47:42.322Z,"37 km NE of B?geshwar, India",earthquake,,7.5,,23,reviewed,us,us
2010-03-14T06:53:21.790Z,31.677,76.105,30,4.5,mb,46,156.3,,0.63,us,usp000h9c9,2020-07-08T02:24:52.491Z,"4 km ENE of Gagret, India",earthquake,,,,5,reviewed,us,us
2010-02-22T17:23:45.140Z,30.069,80.034,10,4.6,mb,71,47.2,,0.93,us,usp000h7jy,2014-11-07T01:40:44.299Z,"36 km NE of B?geshwar, India",earthquake,,,,4,reviewed,us,us
2009-10-03T05:20:58.720Z,29.996,79.849,36.1,4.8,mb,81,97.5,,0.59,us,usp000h29z,2014-11-07T01:39:51.859Z,"19 km NNE of B?geshwar, India",earthquake,,5.6,,28,reviewed,us,us
2009-09-21T09:43:50.990Z,30.879,79.057,52.3,5,mb,78,85.3,,0.79,us,usp000h1r8,2022-07-15T17:58:23.193Z,"Uttaranchal, India",earthquake,,7.4,,24,reviewed,us,us
2009-01-31T03:07:19.800Z,32.528,76.564,36.1,3.9,mb,41,145.4,,0.92,us,usp000gt9r,2014-11-07T01:38:16.370Z,"41 km NE of Dharamsala, India",earthquake,,6.5,,5,reviewed,us,us
2009-01-09T12:40:20.960Z,31.807,78.343,28.2,4.2,mb,39,144.5,,1.07,us,usp000gsdg,2014-11-07T01:38:11.184Z,"61 km ENE of Sar?han, India",earthquake,,14.2,,4,reviewed,us,us
2008-12-31T16:12:18.850Z,31.844,79.753,35,3.2,mb,8,152.2,,1.34,us,usp000grxp,2014-11-07T01:38:04.932Z,"143 km N of Josh?math, India",earthquake,,,,1,reviewed,us,us
2008-12-31T15:46:22.540Z,31.955,79.912,42.4,3.6,mb,31,133.7,,1.03,us,usp000grxn,2014-11-07T01:38:04.929Z,"158 km NNE of Josh?math, India",earthquake,,9.6,,4,reviewed,us,us
2008-10-21T15:09:10.500Z,31.655,77.465,17.1,4.5,mb,67,65,,1.04,us,usp000gkrq,2014-11-07T01:37:31.062Z,"11 km E of Banj?r, India",earthquake,,14.7,,16,reviewed,us,us
2008-09-04T12:53:11.290Z,30.279,80.349,10,5,mwc,176,48.2,,0.9,us,usp000ggda,2016-11-10T02:01:14.246Z,"50 km NNW of Dh?rchula, India",earthquake,,,,,reviewed,us,gcmt
2008-08-19T10:54:26.720Z,30.077,80.013,15.5,4.2,mb,21,178.9,,0.81,us,usp000gf0e,2014-11-07T01:36:56.748Z,"35 km NE of B?geshwar, India",earthquake,,27.5,,2,reviewed,us,us
2008-08-16T19:16:12.330Z,30.185,77.836,10,3.8,mb,14,155.6,,1.17,us,usp000geu4,2014-11-07T01:36:55.507Z,"18 km NNE of Chhutmalpur, India",earthquake,,,,3,reviewed,us,us
2008-08-13T14:49:08.260Z,30.041,80.161,42.5,3.9,mb,18,167.4,,0.93,us,usp000gek6,2014-11-07T01:36:53.636Z,"40 km WNW of Dh?rchula, India",earthquake,,16.6,,2,reviewed,us,us
2008-04-09T02:08:45.180Z,31.49,74.633,49.4,3.3,mb,13,191.3,,0.91,us,usp000g3dn,2014-11-07T01:35:34.059Z,"27 km WSW of Amritsar, India",earthquake,,27.1,,1,reviewed,us,us
2008-01-07T04:08:38.880Z,31.633,76.715,35,3.4,mb,7,259.5,,1.26,us,usp000fw5e,2014-11-07T01:34:37.936Z,"7 km SSW of Sarka Gh?t, India",earthquake,,,,1,reviewed,us,us
2007-11-25T23:12:17.020Z,28.555,77.057,10,4.7,mb,71,52.9,,1.02,us,usp000ftab,2022-07-14T00:47:28.381Z,"9 km SE of Najafgarh, India",earthquake,,,,18,reviewed,us,us
2007-11-08T04:42:11.480Z,29.279,78.414,10,3.7,mb,19,168.3,,0.69,us,usp000fs5v,2014-11-07T01:34:08.388Z,"5 km SSE of Nihtaur, India",earthquake,,,,1,reviewed,us,us
2007-10-18T05:54:42.400Z,27.794,77.614,10,4.7,ml,12,220.7,,,us,usp000fqtm,2020-09-18T21:51:05.400Z,"13 km NE of Chh?ta, India",earthquake,,,,,reviewed,dmn,dmn
2007-08-09T20:33:46.250Z,31.343,80.155,10,4.5,mb,17,89.2,,0.89,us,usp000fj9j,2014-11-07T01:33:13.821Z,"103 km NNE of Josh?math, India",earthquake,,,,3,reviewed,us,us
2007-08-07T10:11:40.920Z,30.97,78.116,10,3.8,mb,12,146,,1.14,us,usp000fj3d,2014-11-07T01:33:12.914Z,"19 km NNW of Barkot, India",earthquake,,,,1,reviewed,us,us
2007-07-22T23:02:14.790Z,30.881,78.239,19,5.1,mb,179,52,,0.74,us,usp000fgwd,2022-05-02T20:22:28.209Z,"Uttaranchal, India",earthquake,,14.9,,88,reviewed,us,us
2007-06-14T19:52:38.600Z,32.112,76.823,10,4.3,mb,16,259.2,,1.4,us,usp000fe0s,2014-11-07T01:32:42.535Z,"14 km NNE of Jogindarnagar, India",earthquake,,,,4,reviewed,us,us
2007-06-03T08:09:52.040Z,31.412,77.711,30,3.6,mb,9,202.3,,0.42,us,usp000fd9c,2014-11-07T01:32:38.424Z,"8 km ESE of R?mpur, India",earthquake,,,,1,reviewed,us,us
2007-03-27T11:19:29.320Z,31.012,78.212,35,3.9,mb,12,145.9,,1.13,us,usp000f7mg,2014-11-07T01:31:56.850Z,"22 km N of Barkot, India",earthquake,,,,1,reviewed,us,us
2007-02-21T00:33:25.880Z,31.373,77.752,36.6,4.1,mb,34,97.5,,0.97,us,usp000f59e,2014-11-07T01:31:40.436Z,"14 km SE of R?mpur, India",earthquake,,8,,5,reviewed,us,us
2007-02-03T00:51:15.610Z,32.098,78.582,35,4.7,mb,17,119.1,,0.81,us,usp000f45y,2014-11-07T01:31:33.179Z,"99 km NE of Sar?han, India",earthquake,,,,2,reviewed,us,us
2007-01-29T05:28:34.240Z,31.31,80.096,35,3.9,mb,8,249.1,,1.33,us,usp000f3ve,2014-11-07T01:31:28.616Z,"97 km NNE of Josh?math, India",earthquake,,,,1,reviewed,us,us
2006-12-24T22:43:26.730Z,26.881,76.154,10,4.2,mb,6,228.3,,0.68,us,usp000f0xp,2021-10-20T18:11:28.873Z,"11 km ENE of Basi, India",earthquake,,,,2,reviewed,us,us
2006-12-10T08:19:25.950Z,31.507,77.027,8.2,4,mb,18,244.2,,0.87,us,usp000ezya,2014-11-07T01:31:06.798Z,"12 km ESE of Sundarnagar, India",earthquake,,68.7,,3,reviewed,us,us
2006-12-10T08:00:42.150Z,31.824,76.762,10,3.8,mb,13,280.8,,0.87,us,usp000ezy7,2014-11-07T01:31:06.791Z,"14 km N of Sarka Gh?t, India",earthquake,,0,,3,reviewed,us,us
2006-11-29T05:41:14.180Z,27.348,76.83,10,4,mb,9,206,,1.32,us,usp000ez42,2014-11-07T01:30:58.701Z,"23 km ENE of R?jgarh, India",earthquake,,,,3,reviewed,us,us
2006-10-27T07:55:01.980Z,29.875,80.035,10,4.2,mb,22,69.4,,1.09,us,usp000ew43,2014-11-07T01:30:38.246Z,"25 km E of B?geshwar, India",earthquake,,,,3,reviewed,us,us
2006-10-04T21:34:53.630Z,29.729,80.366,10,3.9,mb,10,149.4,,0.89,us,usp000eugj,2014-11-07T01:30:30.373Z,"19 km SW of Dh?rchula, India",earthquake,,,,1,reviewed,us,us
2006-09-26T04:04:20.120Z,29.76,80.521,6.6,4.7,mb,47,84.7,,0.8,us,usp000etue,2014-11-07T01:30:16.842Z,"8 km SSW of D?rchul?, Nepal",earthquake,,20.2,,12,reviewed,us,us
2006-08-05T07:33:02.490Z,29.887,80.098,10,4.5,mb,61,57.1,,0.87,us,usp000eq9d,2014-11-07T01:29:54.485Z,"32 km E of B?geshwar, India",earthquake,,,,19,reviewed,us,us
2006-07-20T07:52:29.800Z,31.58,77.928,10,3.5,mb,8,145.7,,0.49,us,usp000ep60,2014-11-07T01:29:43.623Z,"14 km ENE of Sar?han, India",earthquake,,,,1,reviewed,us,us
2006-07-20T00:35:00.180Z,31.604,77.905,35,3.5,mb,13,145.7,,0.87,us,usp000ep53,2014-11-07T01:29:43.535Z,"14 km NE of Sar?han, India",earthquake,,,,4,reviewed,us,us
2006-07-20T00:10:58.240Z,31.642,78.038,35,4,mb,21,104.2,,1.03,us,usp000ep50,2014-11-07T01:29:43.508Z,"27 km ENE of Sar?han, India",earthquake,,,,9,reviewed,us,us
2006-05-07T16:01:01.880Z,28.975,76.561,10,4.3,mb,26,127.3,,1.17,us,usp000eggx,2014-11-07T01:29:04.154Z,"9 km NNW of Rohtak, India",earthquake,,0,,5,reviewed,us,us
2006-03-31T11:25:35.640Z,28.976,76.606,10,3.9,mb,11,161.1,,1.21,us,usp000edb8,2014-11-07T01:28:37.319Z,"9 km N of Rohtak, India",earthquake,,,,1,reviewed,us,us
2006-02-25T18:51:12.470Z,30.298,80.119,10,3.6,mb,8,141.1,,1.07,us,usp000eav2,2014-11-07T01:28:21.897Z,"60 km ESE of Josh?math, India",earthquake,,0,,1,reviewed,us,us
2006-02-01T22:24:15.920Z,30.288,80.483,50.6,4.7,mwc,150,61.4,,0.96,us,usp000e99p,2016-11-10T01:17:12.538Z,"49 km N of Dh?rchula, India",earthquake,,7.6,,,reviewed,us,hrv
2006-01-30T01:57:34.500Z,30.168,80.225,40.8,4.1,mb,26,69.8,,1.03,us,usp000e946,2014-11-07T01:28:10.620Z,"45 km NW of Dh?rchula, India",earthquake,,11.2,,3,reviewed,us,us
2006-01-08T19:16:49.010Z,31.237,80.212,35,3.5,mb,5,217.6,,1.03,us,usp000e7vh,2014-11-07T01:28:05.091Z,"97 km NE of Josh?math, India",earthquake,,,,1,reviewed,us,us
2005-12-16T18:01:28.450Z,30.464,79.142,23.1,3.7,mb,13,198.6,,0.88,us,usp000e696,2014-11-07T01:27:54.390Z,"25 km NE of Rudrapray?g, India",earthquake,,48,,2,reviewed,us,us
2005-12-14T07:09:54.190Z,30.476,79.255,44,5.1,mwc,194,86.8,,0.68,us,usp000e647,2022-05-02T18:10:00.475Z,"17 km WNW of P?palkoti, India",earthquake,,8.2,,,reviewed,us,hrv
2005-11-20T04:46:25.360Z,29.962,79.967,43.7,3.7,mb,22,187.1,,0.7,us,usp000e4hm,2014-11-07T01:27:41.352Z,"23 km NE of B?geshwar, India",earthquake,,10.8,,3,reviewed,us,us
2005-09-05T16:22:07.240Z,30.432,79.114,35,3.8,mb,9,143.4,,0.99,us,usp000dyu3,2014-11-07T01:27:00.751Z,"20 km NE of Rudrapray?g, India",earthquake,,,,1,reviewed,us,us
2005-09-05T01:45:43.000Z,30.406,79.151,10,4.6,mb,37,116.1,,0.76,us,usp000dysq,2014-11-07T01:27:00.528Z,"20 km NE of Rudrapray?g, India",earthquake,,,,16,reviewed,us,us
2005-08-16T03:45:54.190Z,30.924,78.56,42.6,4.4,mb,49,157.4,,0.81,us,usp000dxe6,2021-10-20T18:09:38.786Z,"24 km NNE of Uttark?shi, India",earthquake,,7.7,,12,reviewed,us,us
2005-05-23T00:25:24.280Z,31.126,78.522,10,3.7,mb,7,268.6,,1.4,us,usp000drda,2014-11-07T01:25:57.359Z,"44 km N of Uttark?shi, India",earthquake,,,,2,reviewed,us,us
2005-02-20T11:01:58.690Z,30.655,78.243,25,3.5,mb,9,233,,0.39,us,usp000dgk0,2014-11-07T01:25:01.570Z,"17 km SSE of Barkot, India",earthquake,,34.3,,1,reviewed,us,us
2005-02-15T21:48:38.440Z,31.85,74.991,50.4,4.2,mb,19,170.4,,0.52,us,usp000dg7z,2014-11-07T01:25:00.130Z,"3 km ESE of Fatehgarh Ch?ri?n, India",earthquake,,9.3,,2,reviewed,us,us
2004-11-26T23:53:56.720Z,30.676,77.2,42.1,3.7,mb,16,122.1,,0.86,us,usp000d9bk,2014-11-07T01:24:06.080Z,"15 km NW of N?han, India",earthquake,,13.8,,2,reviewed,us,us
2004-11-11T02:46:49.000Z,32.22,76.409,20,4.1,mb,20,118.2,,1.13,us,usp000d84d,2014-11-07T01:23:58.800Z,"8 km E of Dharamsala, India",earthquake,,0,,6,reviewed,us,us
2004-11-11T02:13:45.040Z,32.442,76.512,34.6,4.9,mb,71,107.9,,0.88,us,usp000d849,2022-05-02T17:32:16.275Z,"30 km NE of Dharamsala, India",earthquake,,19.1,,29,reviewed,us,us
2004-09-28T00:39:44.500Z,29.97,79.671,82.6,3.7,mb,10,121.8,,1.3,us,usp000d56h,2014-11-07T01:23:34.165Z,"17 km NNW of B?geshwar, India",earthquake,,29.9,,1,reviewed,us,us
2004-09-09T05:55:46.100Z,29.466,80.281,5.5,4.4,mb,18,123.1,,1.12,us,usp000d3yr,2014-11-07T01:23:27.518Z,"14 km SSE of Pithor?garh, India",earthquake,,36.2,,6,reviewed,us,us
2004-07-27T00:10:21.620Z,29.25,77.23,75.7,4.1,mb,24,164.1,,1.05,us,usp000d0xu,2014-11-07T01:22:59.367Z,"6 km NE of Chhaprauli, India",earthquake,,17,,5,reviewed,us,us
2004-07-22T03:31:05.970Z,32.188,77.17,10,3.9,mb,11,178.8,,0.78,us,usp000d0ns,2014-11-07T01:22:56.874Z,"5 km N of Nagar, India",earthquake,,,,4,reviewed,us,us
2004-04-07T09:02:28.230Z,28.858,78.418,10,4.2,mb,13,182.8,,0.67,us,usp000crww,2014-11-07T01:21:55.584Z,"7 km SW of Amroha, India",earthquake,,0,,1,reviewed,us,us
2004-03-01T17:41:18.600Z,30.368,80.496,58.6,4.8,mb,52,71.5,,0.8,us,usp000cnuh,2014-11-07T01:21:35.724Z,"57 km N of Dh?rchula, India",earthquake,,14.8,,27,reviewed,us,us
2003-12-15T23:56:07.980Z,31.527,78.151,33,4.4,mb,15,146.9,,1.08,us,usp000cfbu,2014-11-07T01:20:46.082Z,"33 km E of Sar?han, India",earthquake,,,,1,reviewed,us,us
2003-12-15T22:54:20.320Z,31.622,78.203,33,4.5,mb,20,125.8,,1.35,us,usp000cfbq,2014-11-07T01:20:46.062Z,"40 km ENE of Sar?han, India",earthquake,,,,2,reviewed,us,us
2003-09-03T23:21:03.990Z,30.583,80.432,33,4.8,mb,21,73.9,,0.84,us,usp000c6p9,2014-11-07T01:19:43.800Z,"78 km WNW of Burang, China",earthquake,,,,11,reviewed,us,us
2003-08-10T11:17:54.380Z,27.216,75.739,10,4.5,mb,19,116,,1.48,us,usp000c4je,2020-09-18T19:33:06.577Z,"22 km WSW of Manoharpur, India",earthquake,,,,2,reviewed,us,us
2003-05-27T10:14:58.870Z,30.383,79.087,33,4.1,mb,17,89.7,,1.25,us,usp000by9k,2014-11-07T01:18:43.453Z,"14 km NE of Rudrapray?g, India",earthquake,,,,1,reviewed,us,us
2003-05-27T04:23:28.960Z,30.547,79.293,33,4.9,mb,151,108.7,,0.73,us,usp000by91,2022-05-02T16:34:52.179Z,"18 km NW of P?palkoti, India",earthquake,,,,98,reviewed,us,us
2003-04-04T07:02:32.020Z,30.026,80.008,33,4.7,mb,51,80.1,,0.83,us,usp000bub0,2014-11-07T01:18:16.473Z,"30 km NE of B?geshwar, India",earthquake,,,,22,reviewed,us,us
2003-03-05T08:22:35.710Z,31.519,78.62,18.9,4.7,mb,18,195.1,,0.91,us,usp000brzn,2014-11-07T01:17:59.387Z,"78 km E of Sar?han, India",earthquake,,,,4,reviewed,us,us
2002-10-08T04:48:17.200Z,31.73,77.21,33,4.5,mb,12,,,1.39,us,usp000be16,2014-11-07T01:16:43.240Z,"15 km NW of Banj?r, India",earthquake,,,,1,reviewed,us,us
2002-09-29T14:03:19.680Z,29.865,79.925,10,3.9,mb,20,,,0.87,us,usp000bdea,2014-11-07T01:16:36.323Z,"15 km ENE of B?geshwar, India",earthquake,,,,1,reviewed,us,us
2002-09-04T16:11:57.360Z,31.23,77.76,33,4.1,mb,13,,,0.76,us,usp000bb8c,2014-11-07T01:16:26.609Z,"3 km N of Rohru, India",earthquake,,,,1,reviewed,us,us
2002-05-02T14:29:45.930Z,27.696,75.81,33,4.1,mb,18,,,1.52,us,usp000b3ku,2014-11-07T01:15:33.193Z,"5 km SSE of Neem ka Thana, India",earthquake,,,,6,reviewed,us,us
2002-03-09T18:43:02.360Z,29.955,79.966,33,4.6,mb,20,,,0.68,us,usp000b00g,2014-11-07T01:15:07.088Z,"22 km NE of B?geshwar, India",earthquake,,,,4,reviewed,us,us
2001-09-13T10:18:58.180Z,28.851,77.22,10,4.1,mb,23,,,1.22,us,usp000ap3n,2014-11-07T01:13:47.691Z,"6 km WSW of Khekra, India",earthquake,,,,3,reviewed,us,us
2001-09-13T06:20:35.340Z,29.762,80.488,36,4.4,mb,41,,,1.07,us,usp000ap34,2014-11-07T01:13:47.609Z,"9 km SW of D?rchul?, Nepal",earthquake,,8.3,,8,reviewed,us,us
2001-08-09T05:56:22.860Z,30.486,79.167,39.3,4.3,mb,31,,,0.93,us,usp000am34,2014-11-07T01:13:30.914Z,"Uttaranchal, India",earthquake,,8.8,,6,reviewed,us,us
2001-07-25T19:01:56.330Z,29.883,79.959,33,3.8,mb,6,,,1.02,us,usp000ak56,2014-11-07T01:13:21.027Z,"18 km ENE of B?geshwar, India",earthquake,,,,1,reviewed,us,us
2001-06-17T01:49:45.330Z,32.479,78.31,57.7,4.6,mb,40,,,0.99,us,usp000agtg,2014-11-07T01:13:04.619Z,"109 km ENE of Man?li, India",earthquake,,10.5,,11,reviewed,us,us
2001-04-28T03:06:25.770Z,28.588,76.841,10,3.7,mb,12,,,0.9,us,usp000ae2k,2014-11-07T01:12:38.706Z,"13 km W of Najafgarh, India",earthquake,,,,1,reviewed,us,us
2001-03-12T11:34:18.010Z,30.406,79.022,33,4.5,mb,25,,,1.12,us,usp000ab9e,2014-11-07T01:12:20.222Z,"13 km NNE of Rudrapray?g, India",earthquake,,,,11,reviewed,us,us
2001-02-28T02:41:47.500Z,28.629,76.04,33,3.8,mb,9,,,0.86,us,usp000aaj0,2014-11-07T01:12:12.877Z,"20 km SSW of Bhiw?ni, India",earthquake,,,,2,reviewed,us,us
2001-02-23T22:54:32.560Z,30.998,78.066,21.2,4.5,mb,24,,,1.07,us,usp000aa7m,2014-11-07T01:12:11.316Z,"24 km NNW of Barkot, India",earthquake,,,,9,reviewed,us,us
2001-02-20T08:42:09.800Z,30.983,78.235,33,3.8,mb,15,,,0.61,us,usp000a9z2,2014-11-07T01:12:10.420Z,"19 km N of Barkot, India",earthquake,,,,4,reviewed,us,us
2000-11-22T08:40:31.380Z,31.181,77.949,33,3.7,md,16,,,0.72,us,usp000a4n5,2014-11-07T01:11:32.550Z,"18 km E of Rohru, India",earthquake,,,,,reviewed,us,ndi
2000-09-26T07:22:44.060Z,30.998,78.13,33,4.5,mb,17,,,0.73,us,usp000a0u8,2014-11-07T01:11:07.660Z,"22 km NNW of Barkot, India",earthquake,,,,4,reviewed,us,us
2000-08-31T02:08:45.950Z,32.001,78.407,36.5,4.7,mb,69,,,1.12,us,usp0009zef,2014-11-07T01:10:56.600Z,"79 km NE of Sar?han, India",earthquake,,10.9,,29,reviewed,us,us
2000-07-04T08:10:05.880Z,32.101,78.442,33,4.1,mb,14,,,1.44,us,usp0009vrf,2014-11-07T01:10:31.767Z,"89 km NE of Sar?han, India",earthquake,,,,2,reviewed,us,us
2000-06-21T16:11:19.330Z,30.581,79.196,33,3.5,mb,5,,,0.62,us,usp0009uxx,2014-11-07T01:10:24.005Z,"28 km NW of P?palkoti, India",earthquake,,,,1,reviewed,us,us
2000-06-18T08:05:23.990Z,32.167,78.49,93.4,3.7,mb,8,,,1.28,us,usp0009usj,2014-11-07T01:10:23.288Z,"98 km NE of Sar?han, India",earthquake,,19,,1,reviewed,us,us
2000-06-17T16:34:12.960Z,32.024,78.437,33,4.8,mb,71,,,0.85,us,usp0009urn,2022-04-29T18:42:01.065Z,"83 km NE of Sar?han, India",earthquake,,,,29,reviewed,us,us
2000-05-04T02:00:59.690Z,29.967,79.988,33,3.5,mb,,,,0.78,us,usp0009sbb,2014-11-07T01:10:02.824Z,"25 km NE of B?geshwar, India",earthquake,,,,1,reviewed,us,us
2000-04-28T00:17:17.980Z,31.601,78.305,33,4.6,mb,,,,0.98,us,usp0009rz9,2014-11-07T01:09:57.403Z,"49 km ENE of Sar?han, India",earthquake,,,,8,reviewed,us,us
2000-04-11T18:12:45.020Z,32.372,79.071,33,3.6,mb,,,,1.28,us,usp0009r5k,2014-11-07T01:09:53.030Z,"154 km NE of Sar?han, India",earthquake,,,,1,reviewed,us,us
2000-02-22T20:53:41.460Z,31.32,77.099,33,3.6,mb,,,,0.91,us,usp0009nuh,2014-11-07T01:09:32.926Z,"8 km NNW of Seoni, India",earthquake,,,,1,reviewed,us,us
1999-11-08T21:45:15.640Z,31.309,77.294,33,4.4,mb,,,,1.25,us,usp0009h9p,2014-11-07T01:08:56.109Z,"17 km ENE of Seoni, India",earthquake,,,,11,reviewed,us,us
1999-09-12T09:00:08.160Z,31.049,77.672,33,4.5,mb,,,,1.03,us,usp0009ec3,2014-11-07T01:08:28.305Z,"6 km SSE of Jubbal, India",earthquake,,,,16,reviewed,us,us
1999-05-16T05:41:43.580Z,32.505,78.425,54.8,4.5,mb,,,,1.36,us,usp000982p,2014-11-07T01:07:40.892Z,"120 km ENE of Man?li, India",earthquake,,21.6,,10,reviewed,us,us
1999-05-14T08:31:03.600Z,30.32,79.318,33,4.6,mb,,,,1.04,us,usp00097xn,2014-11-07T01:07:40.388Z,"15 km SW of P?palkoti, India",earthquake,,,,3,reviewed,us,us
1999-05-07T17:12:01.830Z,30.109,79.346,10,4.5,mb,,,,0.93,us,usp00097ha,2014-11-07T01:07:38.554Z,"36 km SSW of P?palkoti, India",earthquake,,,,7,reviewed,us,us
1999-04-18T17:16:36.590Z,30.243,79.298,10,4.9,mb,,,,0.79,us,usp00096hk,2022-04-29T18:07:01.723Z,"23 km SSW of P?palkoti, India",earthquake,,,,50,reviewed,us,us
1999-04-14T17:24:27.880Z,30.256,79.305,10,4.9,mb,,,,0.71,us,usp00096a1,2022-04-29T18:06:57.108Z,"22 km SSW of P?palkoti, India",earthquake,,,,37,reviewed,us,us
1999-04-07T16:23:26.940Z,30.257,79.295,10,4.7,mb,,,,0.96,us,usp00095xz,2014-11-07T01:07:25.089Z,"22 km SW of P?palkoti, India",earthquake,,,,17,reviewed,us,us
1999-04-07T15:49:12.620Z,30.249,79.316,10,4.9,mb,,,,0.67,us,usp00095xy,2022-04-29T18:06:47.248Z,"22 km SSW of P?palkoti, India",earthquake,,,,40,reviewed,us,us
1999-04-06T20:46:40.050Z,30.33,79.343,10,4.6,mb,,,,0.93,us,usp00095wv,2014-11-07T01:07:24.768Z,"13 km SW of P?palkoti, India",earthquake,,,,33,reviewed,us,us
1999-04-06T19:37:24.050Z,30.414,79.321,10,5.1,mb,,,,0.77,us,usp00095ws,2022-04-29T18:06:44.861Z,"10 km W of P?palkoti, India",earthquake,,,,87,reviewed,us,us
1999-04-01T02:48:51.440Z,30.528,79.407,10,4.5,mb,,,,1.04,us,usp00095k5,2014-11-07T01:07:19.641Z,"11 km NNW of P?palkoti, India",earthquake,,,,5,reviewed,us,us
1999-03-30T21:02:10.340Z,30.376,79.335,10,5.3,mb,,,,0.8,us,usp00095gs,2022-04-29T18:06:01.904Z,"10 km WSW of P?palkoti, India",earthquake,,,,107,reviewed,us,us
1999-03-30T15:51:49.060Z,30.187,79.305,10,4.5,mb,,,,1,us,usp00095gb,2014-11-07T01:07:17.745Z,"29 km SSW of P?palkoti, India",earthquake,,,,3,reviewed,us,us
1999-03-29T13:20:57.410Z,30.286,79.286,10,4.6,mb,,,,1.21,us,usp00095e7,2014-11-07T01:07:17.537Z,"20 km SW of P?palkoti, India",earthquake,,,,3,reviewed,us,us
1999-03-29T08:49:44.570Z,30.213,79.245,10,4.6,mb,,,,1.06,us,usp00095dy,2014-11-07T01:07:17.497Z,"26 km ESE of Rudrapray?g, India",earthquake,,,,7,reviewed,us,us
1999-03-28T23:20:26.390Z,30.385,79.494,10,4.5,mb,,,,1.07,us,usp00095d2,2014-11-07T01:07:17.372Z,"7 km SE of P?palkoti, India",earthquake,,,,2,reviewed,us,us
1999-03-28T23:04:35.440Z,30.357,79.481,10,4.4,mb,,,,0.93,us,usp00095d1,2014-11-07T01:07:17.369Z,"9 km SSE of P?palkoti, India",earthquake,,,,14,reviewed,us,us
1999-03-28T19:47:04.590Z,30.342,79.31,10,4.7,mb,,,,0.74,us,usp00095cj,2014-11-07T01:07:17.302Z,"14 km SW of P?palkoti, India",earthquake,,,,35,reviewed,us,us
1999-03-28T19:36:05.510Z,30.315,79.387,10,5.4,mb,,,,1.02,us,usp00095cg,2022-04-29T18:05:34.967Z,"12 km SSW of P?palkoti, India",earthquake,,,,76,reviewed,us,us
1999-03-28T19:05:11.030Z,30.512,79.403,15,6.6,mwb,,,,1.03,us,usp00095cb,2022-04-29T18:05:29.400Z,"9 km NNW of P?palkoti, India",earthquake,,,,,reviewed,us,us
1999-03-23T07:29:53.370Z,28.785,78.61,33,3.7,mb,,,,0.89,us,usp000950t,2014-11-07T01:07:15.797Z,"16 km NNW of Sirsi, India",earthquake,,,,1,reviewed,us,us
1999-03-22T09:56:16.680Z,29.257,76.94,207.6,4.1,mb,,,,1.26,us,usp00094z2,2014-11-07T01:07:15.637Z,"7 km WNW of Sam?lkha, India",earthquake,,20.6,,2,reviewed,us,us
1999-03-16T22:27:52.740Z,28.517,78.229,33,4.2,mb,,,,0.52,us,usp00094mv,2014-11-07T01:07:14.137Z,"16 km E of Kh?npur, India",earthquake,,,,1,reviewed,us,us
1999-02-25T11:13:54.290Z,30.657,78.878,33,4,mb,,,,0.92,us,usp00093dd,2014-11-07T01:07:04.861Z,"42 km E of Uttark?shi, India",earthquake,,,,3,reviewed,us,us
1998-11-19T16:34:16.350Z,30.42,79.163,33,4.5,mb,,,,1.11,us,usp0008yf7,2014-11-07T01:06:28.067Z,"22 km NE of Rudrapray?g, India",earthquake,,,,16,reviewed,us,us
1998-11-19T12:41:58.750Z,30.566,79.389,33,3.9,mb,,,,1.23,us,usp0008yer,2014-11-07T01:06:28.002Z,"16 km NNW of P?palkoti, India",earthquake,,,,1,reviewed,us,us
1998-10-17T09:24:45.010Z,32.217,76.545,33,4.5,mb,,,,1.33,us,usp0008wn2,2014-11-07T01:06:15.696Z,"11 km N of P?lampur, India",earthquake,,,,8,reviewed,us,us
1998-05-01T11:57:36.440Z,30.04,79.537,41.9,4.4,mb,,,,1.43,us,usp0008m8j,2014-11-07T01:05:08.339Z,"30 km NNE of Dw?r?h?t, India",earthquake,,,,8,reviewed,us,us
1998-03-30T23:55:45.240Z,28.211,76.241,10,3.9,mb,,,,0.73,us,usp0008j9w,2014-11-07T01:04:52.275Z,"10 km SE of Mahendragarh, India",earthquake,,,,1,reviewed,us,us
1998-03-19T17:13:19.600Z,31.027,77.643,33,3.9,mb,,,,0.31,us,usp0008hq0,2014-11-07T01:04:47.547Z,"9 km S of Jubbal, India",earthquake,,,,1,reviewed,us,us
1998-03-19T17:01:32.730Z,31.21,77.829,33,3.9,mb,,,,1.34,us,usp0008hpy,2014-11-07T01:04:47.543Z,"7 km E of Rohru, India",earthquake,,,,1,reviewed,us,us
1998-02-07T08:45:11.090Z,29.103,78.064,33,3.5,mb,,,,1.46,us,usp0008fm5,2014-11-07T01:04:30.966Z,"8 km SE of Hastin?pur, India",earthquake,,,,2,reviewed,us,us
1997-08-13T23:10:15.050Z,31.211,76.694,33,4.2,mb,,,,1.24,us,usp000866m,2014-11-07T01:03:18.635Z,"14 km SSW of Bilaspur, India",earthquake,,,,2,reviewed,us,us
1997-07-29T18:00:18.760Z,31.554,76.817,33,4.7,mb,,,,0.82,us,usp00085hs,2014-11-07T01:03:11.868Z,"8 km WNW of Sundarnagar, India",earthquake,,,,18,reviewed,us,us
1997-05-02T20:09:28.810Z,29.434,80.426,33,4.6,mb,,,,0.61,us,usp00081n5,2014-11-07T01:02:43.130Z,"21 km NW of Dadeldhur?, Nepal",earthquake,,,,3,reviewed,us,us
1997-01-02T03:52:31.650Z,30.536,77.844,33,3.5,mb,,,,0.85,us,usp0007vb2,2014-11-07T01:01:54.144Z,"10 km NE of Vik?snagar, India",earthquake,,,,1,reviewed,us,us
1996-12-23T21:52:18.840Z,32.403,76.892,33,3.8,mb,,,,0.9,us,usp0007uwe,2014-11-07T01:01:49.081Z,"22 km SSW of Kyelang, India",earthquake,,,,1,reviewed,us,us
1996-11-12T04:20:58.770Z,29.919,77.172,53.7,4.5,mb,,,,0.79,us,usp0007svu,2020-09-15T19:11:54.864Z,"11 km ENE of Indri, India",earthquake,,9.6,,3,reviewed,us,us
1996-09-25T07:12:23.060Z,30.44,78.584,33,4.6,mb,,,,1.2,us,usp0007qep,2014-11-07T01:01:13.140Z,"11 km ENE of Tehri, India",earthquake,,,,4,reviewed,us,us
1996-09-14T02:12:07.230Z,30.748,78.307,33,4.8,mb,,,,0.9,us,usp0007pxa,2014-11-07T01:01:10.299Z,"11 km SE of Barkot, India",earthquake,,,,2,reviewed,us,us
1996-08-03T13:33:24.220Z,30.761,79.029,33,3.9,mb,,,,1,us,usp0007n2k,2014-11-07T01:00:55.296Z,"52 km N of Rudrapray?g, India",earthquake,,,,5,reviewed,us,us
1996-07-17T06:56:06.950Z,31.391,78.551,33,4.6,mb,,,,1.4,us,usp0007m5d,2014-11-07T01:00:48.177Z,"72 km NNE of Barkot, India",earthquake,,,,6,reviewed,us,us
1996-06-18T02:46:10.970Z,30.525,79.266,33,4,mb,,,,0.6,us,usp0007jxd,2014-11-07T01:00:38.609Z,"19 km NW of P?palkoti, India",earthquake,,,,2,reviewed,us,us
1996-03-26T08:30:25.270Z,30.651,79.102,47.4,4.8,mb,,,,0.8,us,usp0007fab,2022-04-29T20:14:45.212Z,"40 km NW of P?palkoti, India",earthquake,,,,46,reviewed,us,us
1996-02-07T10:57:00.280Z,29.596,80.49,50.3,4.2,mb,,,,1.4,us,usp0007cgu,2014-11-07T00:59:51.478Z,"26 km SSW of D?rchul?, Nepal",earthquake,,8.2,,12,reviewed,us,us
1996-01-23T17:34:41.000Z,30.483,79.413,33,4.3,mb,,,,1,us,usp0007bkj,2014-11-07T00:59:42.841Z,"6 km NNW of P?palkoti, India",earthquake,,,,28,reviewed,us,us
1995-11-27T21:44:02.090Z,30.693,79.232,37.5,4.6,mb,,,,0.9,us,usp00077nd,2014-11-07T00:59:14.394Z,"35 km NNW of P?palkoti, India",earthquake,,8,,32,reviewed,us,us
1995-11-26T20:21:29.890Z,31.999,78.534,30.4,4.2,mb,,,,0.7,us,usp00077k7,2014-11-07T00:59:14.111Z,"88 km NE of Sar?han, India",earthquake,,7,,16,reviewed,us,us
1995-11-15T21:44:15.930Z,29.058,76.791,24.9,4,mb,,,,1,us,usp00076xc,2014-11-07T00:59:11.155Z,"12 km SE of Goh?na, India",earthquake,,10.6,,7,reviewed,us,us
1995-10-21T19:39:39.830Z,31.432,78.963,33,4.9,mb,,,,0.5,us,usp00075hk,2014-11-07T00:58:59.941Z,"92 km NNE of Uttark?shi, India",earthquake,,,,1,reviewed,us,us
1995-09-05T07:44:02.160Z,31.214,77.863,45.7,4.2,mb,,,,0.9,us,usp00072xw,2014-11-07T00:58:41.239Z,"10 km E of Rohru, India",earthquake,,11.9,,12,reviewed,us,us
1994-12-08T13:01:32.760Z,30.439,79.686,67.9,4.9,mb,,,,0.7,us,usp0006pta,2014-11-07T00:56:56.015Z,"17 km SE of Josh?math, India",earthquake,,24.1,,4,reviewed,us,us
1994-08-31T23:29:54.570Z,25.851,78.566,33,4.7,mb,,,,0.8,us,usp0006hru,2020-09-15T17:22:56.581Z,"22 km NW of Bh?nder, India",earthquake,,,,29,reviewed,us,us
1994-08-01T02:25:14.470Z,31.721,80.129,33,4.5,mb,,,,0.8,us,usp0006gcq,2014-11-07T00:55:57.418Z,"139 km NNE of Josh?math, India",earthquake,,,,10,reviewed,us,us
1994-07-31T23:53:36.580Z,31.682,80.266,35.1,4.8,mb,,,,0.9,us,usp0006gck,2014-11-07T00:55:55.990Z,"141 km NNE of Josh?math, India",earthquake,,19.3,,15,reviewed,us,us
1994-05-13T09:19:53.250Z,32.493,75.53,33,4.4,mb,,,,1.3,us,usp0006cg4,2014-11-07T00:55:28.249Z,"13 km N of Kathua, India",earthquake,,,,11,reviewed,us,us
1994-03-29T00:25:59.280Z,30.612,79.502,33,4.1,mb,,,,0.8,us,usp0006ab5,2014-11-07T00:55:11.416Z,"8 km NW of Josh?math, India",earthquake,,,,5,reviewed,us,us
1993-11-14T13:20:37.670Z,30.658,80.356,33,4.4,mb,,,,0.9,us,usp00063pv,2014-11-07T00:54:24.850Z,"76 km E of Josh?math, India",earthquake,,,,6,reviewed,us,us
1993-08-19T03:49:27.210Z,30.085,80.037,33,4.4,mb,,,,1.2,us,usp0005ytm,2014-11-07T00:53:45.985Z,"37 km NE of B?geshwar, India",earthquake,,,,22,reviewed,us,us
1993-08-16T02:09:14.700Z,30.955,78.955,33,4,mb,,,,1,us,usp0005ymr,2014-11-07T00:53:44.596Z,"54 km ENE of Uttark?shi, India",earthquake,,,,3,reviewed,us,us
1993-01-12T08:52:43.010Z,31.169,80.309,33,4.8,mb,,,,1.3,us,usp0005knb,2014-11-07T00:52:13.450Z,"98 km NE of Josh?math, India",earthquake,,,,22,reviewed,us,us
1992-09-06T14:10:55.980Z,32.436,76.338,33,4.6,mb,,,,0.9,us,usp0005dnf,2014-11-07T00:51:25.196Z,"Himachal Pradesh, India",earthquake,,,,7,reviewed,us,us
1992-08-09T15:16:30.650Z,30.931,78.487,33,4,mb,,,,0.5,us,usp0005c7b,2014-11-07T00:51:14.712Z,"22 km N of Uttark?shi, India",earthquake,,,,3,reviewed,us,us
1992-07-26T23:31:33.630Z,29.064,80.202,33,3.5,ml,,,,1.3,us,usp0005bhv,2014-11-07T00:51:07.780Z,"8 km E of Tanakpur, India",earthquake,,,,,reviewed,us,ndi
1992-07-21T05:06:07.580Z,31.473,78.046,33,3.9,mb,,,,0.7,us,usp0005b77,2014-11-07T00:51:06.177Z,"24 km E of Sar?han, India",earthquake,,,,2,reviewed,us,us
1992-06-12T11:45:34.430Z,30.125,78.885,33,4.8,mb,,,,1.6,us,usp00058zs,2014-11-07T00:50:49.453Z,"10 km ESE of Pauri, India",earthquake,,,,3,reviewed,us,us
1992-04-22T06:08:49.070Z,30.968,78.242,33,4.5,mb,,,,1.2,us,usp000564r,2014-11-07T00:50:28.680Z,"18 km N of Barkot, India",earthquake,,,,13,reviewed,us,us
1992-03-14T12:40:26.030Z,30.664,78.829,30.3,4.8,mb,,,,0.8,us,usp000548q,2014-11-07T00:50:15.925Z,"37 km ESE of Uttark?shi, India",earthquake,,,,28,reviewed,us,us
1992-03-02T14:48:18.150Z,30.542,78.538,33,4,mb,,,,0.6,us,usp00053s1,2014-11-07T00:50:12.755Z,"17 km NNE of Tehri, India",earthquake,,,,2,reviewed,us,us
1992-01-26T23:48:56.100Z,32.282,76.415,33,4.5,mb,,,,1.2,us,usp000529u,2014-11-07T00:49:57.123Z,"11 km NE of Dharamsala, India",earthquake,,,,8,reviewed,us,us
1991-10-27T13:19:56.150Z,29.5,79.049,33,3.9,ml,,,,0.7,us,usp0004yft,2014-11-07T00:49:27.962Z,"14 km NNW of R?mnagar, India",earthquake,,,,,reviewed,us,ndi
1991-10-27T00:40:23.370Z,30.434,78.549,33,4.2,mb,,,,0.7,us,usp0004yey,2014-11-07T00:49:27.801Z,"Uttaranchal, India",earthquake,,,,3,reviewed,us,us
1991-10-21T14:02:47.380Z,30.777,78.8,33,4,mb,,,,0.6,us,usp0004y4f,2014-11-07T00:49:25.989Z,"34 km E of Uttark?shi, India",earthquake,,,,1,reviewed,us,us
1991-10-20T07:56:31.740Z,30.847,78.777,33,4.2,mb,,,,0.6,us,usp0004y2p,2014-11-07T00:49:25.857Z,"34 km ENE of Uttark?shi, India",earthquake,,,,2,reviewed,us,us
1991-10-20T05:32:26.850Z,30.79,78.686,26.5,4.9,mb,,,,0.9,us,usp0004y2g,2022-04-28T19:02:34.889Z,"24 km ENE of Uttark?shi, India",earthquake,,,,39,reviewed,us,us
1991-10-20T04:20:28.930Z,30.899,78.832,33,4.5,mb,,,,0.9,us,usp0004y2a,2014-11-07T00:49:25.819Z,"41 km ENE of Uttark?shi, India",earthquake,,,,6,reviewed,us,us
1991-10-20T03:34:30.860Z,30.945,78.922,33,4.3,mb,,,,0.7,us,usp0004y27,2014-11-07T00:49:25.815Z,"51 km ENE of Uttark?shi, India",earthquake,,,,2,reviewed,us,us
1991-10-19T22:41:15.440Z,30.747,78.723,17,4.8,mb,,,,1,us,usp0004y1t,2014-11-07T00:49:25.776Z,"26 km E of Uttark?shi, India",earthquake,,,,13,reviewed,us,us
1991-10-19T21:23:14.300Z,30.78,78.774,10.3,6.8,mwb,,,,1.2,us,usp0004y1r,2022-04-28T19:02:24.458Z,"32 km E of Uttark?shi, India",earthquake,,,,,reviewed,us,us
1991-10-15T19:11:00.950Z,30.565,79.311,33,4.5,mb,,,,1.1,us,usp0004xvj,2014-11-07T00:49:24.195Z,"19 km NW of P?palkoti, India",earthquake,,,,9,reviewed,us,us
1991-08-20T05:06:25.860Z,30.63,79.767,33,4.2,mb,,,,1.5,us,usp0004vm7,2014-11-07T00:49:06.888Z,"21 km ENE of Joshīmath, India",earthquake,,,,5,reviewed,us,us
1991-08-16T01:23:27.540Z,30.861,78.651,33,4.2,mb,,,,0.2,us,usp0004ve1,2014-11-07T00:49:06.073Z,"24 km NE of Uttark?shi, India",earthquake,,,,2,reviewed,us,us
1991-06-23T02:45:41.200Z,32.306,76.716,33,4.6,mb,,,,1.5,us,usp0004t9x,2014-11-07T00:48:46.726Z,"26 km NE of P?lampur, India",earthquake,,,,17,reviewed,us,us
1991-06-10T21:30:11.950Z,29.266,80.281,58.1,4.6,mb,,,,1.2,us,usp0004sry,2014-11-07T00:48:44.091Z,"21 km ESE of Champawat, India",earthquake,,10.8,,11,reviewed,us,us
1991-05-27T21:06:57.360Z,29.349,80.304,52.6,4.6,mb,,,,1,us,usp0004s5j,2014-11-07T00:48:37.709Z,"21 km ESE of Lohagh?t, India",earthquake,,8.6,,19,reviewed,us,us
1991-05-26T05:29:14.870Z,29.34,80.332,64.9,4.5,mb,,,,1,us,usp0004s37,2014-11-07T00:48:37.438Z,"24 km ESE of Lohagh?t, India",earthquake,,10.8,,19,reviewed,us,us
1991-05-18T06:59:22.130Z,31.675,80.092,42.6,4.5,mb,,,,1,us,usp0004rt3,2014-11-07T00:48:35.827Z,"133 km NNE of Josh?math, India",earthquake,,12,,13,reviewed,us,us
1991-05-18T04:52:19.070Z,31.654,80.092,24,4.6,mb,,,,1.3,us,usp0004rsv,2014-11-07T00:48:35.790Z,"131 km NNE of Josh?math, India",earthquake,,15.1,,19,reviewed,us,us
1991-04-22T08:48:29.990Z,30.08,79.72,33,4.6,mb,,,,0.8,us,usp0004qns,2014-11-07T00:48:26.107Z,"27 km N of B?geshwar, India",earthquake,,,,20,reviewed,us,us
1991-03-04T16:41:25.440Z,30.81,79.215,33,3.2,mb,,,,0.4,us,usp0004npb,2014-11-07T00:48:09.616Z,"43 km NW of Josh?math, India",earthquake,,,,1,reviewed,us,us
1991-02-12T14:02:56.300Z,30.614,79.288,33,4.1,mb,,,,1.2,us,usp0004mvf,2014-11-07T00:47:59.639Z,"24 km NNW of P?palkoti, India",earthquake,,,,2,reviewed,us,us
1991-01-20T12:43:17.070Z,31.532,77.463,33,4.9,mb,,,,1,us,usp0004ky1,2022-04-28T19:27:45.102Z,"16 km SE of Banj?r, India",earthquake,,,,26,reviewed,us,us
1990-12-18T02:40:49.760Z,30.336,79.117,18.7,4.9,mb,,,,1.1,us,usp0004j9c,2014-11-07T00:47:37.759Z,"14 km ENE of Rudrapray?g, India",earthquake,,,,30,reviewed,us,us
1990-12-13T08:28:55.760Z,31.573,77.438,33,4.7,mb,,,,1,us,usp0004j2e,2014-11-07T00:47:36.571Z,"11 km SE of Banj?r, India",earthquake,,,,15,reviewed,us,us
1990-10-03T18:20:35.990Z,31.096,78.557,33,4.4,mb,,,,0.8,us,usp0004fb7,2014-11-07T00:47:13.480Z,"42 km NNE of Uttark?shi, India",earthquake,,,,1,reviewed,us,us
1990-09-21T16:08:20.750Z,29.741,79.791,33,5.1,mb,,,,1,us,usp0004exz,2022-04-28T19:38:36.933Z,"10 km S of B?geshwar, India",earthquake,,,,33,reviewed,us,us
1990-05-15T17:19:22.040Z,29.178,76.73,33,4.1,mb,,,,1.2,us,usp00049b7,2014-11-07T00:46:22.081Z,"5 km NNE of Goh?na, India",earthquake,,,,3,reviewed,us,us
1990-04-03T01:08:17.010Z,31.736,78.731,51.2,3.9,mb,,,,1.4,us,usp00047d8,2014-11-07T00:46:04.649Z,"92 km ENE of Sar?han, India",earthquake,,17.4,,5,reviewed,us,us
1989-01-27T11:03:30.780Z,30.988,78.655,33,3.7,mb,,,,1.1,us,usp0003r9c,2014-11-07T00:43:29.191Z,"35 km NE of Uttark?shi, India",earthquake,,,,3,reviewed,us,us
1988-12-26T11:11:11.040Z,30.611,77.981,33,4.2,mb,,,,1,us,usp0003q6x,2014-11-07T00:43:19.244Z,"15 km SE of Chakr?ta, India",earthquake,,,,5,reviewed,us,us
1988-07-27T07:07:42.910Z,31.605,78.627,33,4.4,mb,,,,1,us,usp0003j9a,2014-11-07T00:42:33.008Z,"79 km E of Sar?han, India",earthquake,,,,3,reviewed,us,us
1988-06-09T12:11:49.840Z,30.654,79.216,25.2,4.8,mb,,,,0.9,us,usp0003gua,2014-11-07T00:42:18.603Z,"32 km NW of P?palkoti, India",earthquake,,8.1,,13,reviewed,us,us
1988-05-15T20:23:05.700Z,29.862,80.479,25.7,4.8,mb,,,,1.1,us,usp0003fzk,2014-11-07T00:42:09.239Z,"4 km WNW of Dh?rchula, India",earthquake,,13.1,,24,reviewed,us,us
1987-12-26T01:03:00.230Z,32.126,76.695,33,4.3,mb,,,,1.1,us,usp0003bjg,2014-11-07T00:41:25.074Z,"13 km E of P?lampur, India",earthquake,,,,4,reviewed,us,us
1987-10-06T16:33:15.650Z,31.922,76.445,33,4.7,mb,,,,1.4,us,usp0003917,2014-11-07T00:41:03.726Z,"11 km NNW of T?ra Suj?npur, India",earthquake,,,,2,reviewed,us,us
1987-08-21T00:26:07.040Z,31.723,80.183,54.8,4.7,mb,,,,1.3,us,usp00037p4,2014-11-07T00:40:49.301Z,"142 km NNE of Josh?math, India",earthquake,,14.9,,19,reviewed,us,us
1987-07-18T16:29:18.880Z,31.144,78.049,54.1,4.7,mb,,,,1.3,us,usp00036rp,2014-11-07T00:40:41.404Z,"28 km ESE of Rohru, India",earthquake,,14.2,,6,reviewed,us,us
1987-06-06T11:02:41.590Z,30.47,79.202,44.4,4.9,mb,,,,0.9,us,usp00035jt,2022-04-27T21:41:47.047Z,"22 km WNW of P?palkoti, India",earthquake,,10.9,,19,reviewed,us,us
1987-06-06T03:14:24.490Z,30.555,79.267,33,4.7,mb,,,,1,us,usp00035jf,2014-11-07T00:40:30.922Z,"21 km NW of P?palkoti, India",earthquake,,,,12,reviewed,us,us
1986-07-16T22:03:10.790Z,31.049,77.997,33,5.5,mw,,,,1,us,usp0002w2z,2022-04-27T22:09:49.002Z,"28 km SE of Rohru, India",earthquake,,,,,reviewed,us,hrv
1986-04-26T07:35:16.100Z,32.128,76.374,33,5.5,mw,,,,1,us,usp0002t74,2022-04-27T22:19:50.365Z,"11 km ENE of K?ngar, India",earthquake,,,,,reviewed,us,hrv
1986-04-22T09:29:51.690Z,31.85,76.789,33,4.7,mb,,,,0.8,us,usp0002t3u,2014-11-07T00:38:15.247Z,"15 km S of Jogindarnagar, India",earthquake,,,,9,reviewed,us,us
1986-03-28T18:05:46.770Z,30.801,79.166,33,4.2,mb,,,,1.3,us,usp0002scj,2014-11-07T00:38:06.195Z,"Uttaranchal, India",earthquake,,,,2,reviewed,us,us
1985-06-14T17:19:05.910Z,29.808,79.312,33,3.9,mb,,,,1.5,us,usp0002fuw,2014-11-07T00:36:43.871Z,"11 km WNW of Dw?r?h?t, India",earthquake,,,,1,reviewed,us,us
1985-03-11T14:36:08.590Z,31.252,77.045,33,4.8,mb,,,,1.5,us,usp0002cra,2014-11-07T00:36:18.439Z,"7 km W of Seoni, India",earthquake,,,,8,reviewed,us,us
1984-12-15T10:54:10.500Z,31.284,77.805,33,4.7,mb,,,,1.1,us,usp0002a2a,2014-11-07T00:35:52.656Z,"10 km NNE of Rohru, India",earthquake,,,,5,reviewed,us,us
1984-11-26T03:35:37.730Z,30.489,79.252,33,4.5,mb,,,,1.1,us,usp00029fv,2014-11-07T00:35:44.885Z,"18 km WNW of P?palkoti, India",earthquake,,,,10,reviewed,us,us
1984-10-24T08:19:31.300Z,29.704,80.053,56.3,4.2,mb,,,,1.4,us,usp00028f7,2014-11-07T00:35:36.270Z,"20 km NW of Pithor?garh, India",earthquake,,13.3,,5,reviewed,us,us
1984-05-03T13:17:58.150Z,30.5,78.404,33,4.5,mb,,,,1,us,usp000243m,2014-11-07T00:34:51.996Z,"14 km NNW of Tehri, India",earthquake,,,,3,reviewed,us,us
1984-03-23T00:34:08.720Z,29.99,78.871,33,5.1,mb,,,,0.5,us,usp00022wk,2014-11-07T00:34:39.193Z,"20 km SSE of Pauri, India",earthquake,,,,3,reviewed,us,us
1984-01-08T01:53:13.190Z,31.991,79.499,33,4.2,mb,,,,0.9,us,usp000213c,2014-11-07T00:34:21.960Z,"159 km N of Josh?math, India",earthquake,,,,3,reviewed,us,us
1982-12-29T00:09:20.200Z,30.273,79.809,33,4.8,mb,,,,1.1,us,usp0001ruq,2014-11-07T00:32:23.103Z,"39 km SE of Josh?math, India",earthquake,,,,13,reviewed,us,us
1982-12-14T23:57:32.750Z,31.459,78.91,33,4.6,mb,,,,1.4,us,usp0001rfj,2014-11-07T00:32:20.812Z,"92 km NNE of Uttark?shi, India",earthquake,,,,6,reviewed,us,us
1982-10-16T02:22:56.780Z,30.326,79.129,71.2,4.5,mb,,,,1.4,us,usp0001q98,2014-11-07T00:32:02.233Z,"14 km ENE of Rudrapray?g, India",earthquake,,15.3,,6,reviewed,us,us
1982-07-16T04:15:29.940Z,30.715,77.031,103.3,4.2,mb,,,,1.3,us,usp0001nf6,2014-11-07T00:31:37.195Z,"14 km SE of Pinjaur, India",earthquake,,7.6,,3,reviewed,us,us
1981-08-10T10:58:24.690Z,31.263,77.935,33,4.6,mb,,,,0.7,us,usp0001f70,2014-11-07T00:29:55.081Z,"18 km ENE of Rohru, India",earthquake,,,,6,reviewed,us,us
1981-06-19T10:41:44.460Z,30.541,79.217,63.6,4.4,mb,,,,0.8,us,usp0001e81,2014-11-07T00:29:38.361Z,"24 km WNW of P?palkoti, India",earthquake,,19.9,,8,reviewed,us,us
1981-06-13T00:56:56.330Z,31.704,78.335,33,5,mb,,,,0.9,us,usp0001e4b,2022-04-28T01:02:41.627Z,"55 km ENE of Sar?han, India",earthquake,,,,39,reviewed,us,us
1981-05-28T23:14:09.540Z,31.851,78.411,33,5.6,ms,,,,1,us,usp0001dxc,2022-04-28T01:06:13.382Z,"western Xizang-India border region",earthquake,,,,1,reviewed,us,us
1980-09-22T20:37:55.000Z,32.458,78.519,65,4.7,mb,,,,,us,usp00019xk,2014-11-06T23:24:26.108Z,"125 km NNE of Sar?han, India",earthquake,,,,,reviewed,us,us
1980-09-08T07:42:07.300Z,29.999,80.434,33,4.5,mb,,,,,us,usp00019qy,2014-11-06T23:24:25.889Z,"18 km NNW of Dh?rchula, India",earthquake,,,,,reviewed,us,us
1980-05-29T22:40:52.000Z,31.562,76.57,33,4.2,mb,,,,,us,usp00017th,2014-11-06T23:24:22.701Z,"14 km SSE of Ham?rpur, India",earthquake,,,,,reviewed,us,us
1980-04-27T17:00:33.300Z,28.607,77.644,33,4.7,mb,,,,,us,usp00016x5,2022-04-28T01:40:55.627Z,"10 km NE of D?dri, India",earthquake,,,,,reviewed,us,us
1979-12-28T01:59:18.800Z,30.628,78.445,33,5,mb,,,,,us,usp00014ra,2022-04-27T14:46:35.983Z,"11 km S of Uttark?shi, India",earthquake,,,,,reviewed,us,us
1979-05-20T22:59:14.200Z,30.029,80.31,33,5.9,ms,,,,,us,usp00010s6,2022-04-27T15:06:13.296Z,"western Xizang-India border region",earthquake,,,,,reviewed,us,us
1979-05-11T21:56:38.600Z,32.087,78.809,33,4.4,mb,,,,,us,usp00010k1,2014-11-06T23:22:01.111Z,"115 km ENE of Sar?han, India",earthquake,,,,,reviewed,us,us
1979-03-27T05:27:54.700Z,32.058,78.611,33,4.3,mb,,,,,us,usp0000zps,2014-11-06T23:21:59.170Z,"98 km NE of Sar?han, India",earthquake,,,,,reviewed,us,us
1979-03-05T23:54:52.500Z,30.476,79.727,33,4.3,mb,,,,,us,usp0000z5y,2014-11-06T23:21:57.926Z,"17 km ESE of Josh?math, India",earthquake,,,,,reviewed,us,us
1978-06-14T16:12:06.800Z,32.31,76.522,18,5,mb,,,,,us,usp0000v1w,2022-04-27T15:36:24.349Z,"21 km ENE of Dharamsala, India",earthquake,,,,,reviewed,us,us
1978-02-19T18:56:31.900Z,31.681,75.256,59,4,mb,,,,,us,usp0000t1q,2014-11-06T23:21:47.158Z,"15 km SSE of Bat?la, India",earthquake,,,,,reviewed,us,us
1978-01-15T02:30:30.600Z,31.917,78.306,60,4.5,mb,,,,,us,usp0000shb,2014-11-06T23:21:46.548Z,"66 km NE of Sar?han, India",earthquake,,,,,reviewed,us,us
1978-01-07T07:23:20.500Z,30.565,79.38,33,4.7,mb,,,,,us,usp0000sd0,2014-11-06T23:21:46.277Z,"16 km NNW of P?palkoti, India",earthquake,,,,,reviewed,us,us
1977-04-20T04:21:09.400Z,30.519,79.352,33,4.8,mb,,,,,us,usp0000nfy,2022-04-27T16:29:34.786Z,"12 km NW of P?palkoti, India",earthquake,,,,,reviewed,us,us
1977-04-14T18:26:48.800Z,32.023,78.547,33,4.3,mb,,,,,us,usp0000nds,2014-11-06T23:21:40.985Z,"91 km NE of Sar?han, India",earthquake,,,,,reviewed,us,us
1977-02-19T06:39:42.600Z,31.581,78.22,33,4.7,mb,,,,,us,usp0000mmg,2014-11-06T23:21:39.905Z,"41 km E of Sar?han, India",earthquake,,,,,reviewed,us,us
1977-02-19T06:15:25.000Z,31.786,78.417,40,5.4,mb,,,,,us,usp0000mmf,2022-04-27T16:37:38.639Z,"66 km ENE of Sar?han, India",earthquake,,,,,reviewed,us,us
1977-01-28T03:48:54.100Z,31.539,78.275,55,4.7,mb,,,,,us,usp0000mcn,2014-11-06T23:21:39.535Z,"45 km E of Sar?han, India",earthquake,,,,,reviewed,us,us
1976-10-03T15:03:43.200Z,31.909,78.76,16,4.7,mb,,,,,us,usp0000jr6,2014-11-06T23:21:37.600Z,"101 km ENE of Sar?han, India",earthquake,,,,,reviewed,us,us
1976-09-29T07:47:17.500Z,31.771,78.348,29,5,mb,,,,,us,usp0000jp5,2022-04-27T16:54:30.054Z,"60 km ENE of Sar?han, India",earthquake,,,,,reviewed,us,us
1976-09-08T20:13:02.300Z,32.046,78.684,18,5.4,mb,,,,,us,usp0000j9x,2022-04-27T16:52:43.370Z,"103 km NE of Sar?han, India",earthquake,,,,,reviewed,us,us
1976-07-06T02:55:51.900Z,32.284,78.275,56,4.8,mb,,,,,us,usp0000h6z,2022-04-27T16:56:37.394Z,"97 km NNE of Sar?han, India",earthquake,,,,,reviewed,us,us
1976-05-06T08:21:35.400Z,31.787,78.669,51,4.5,mb,,,,,us,usp0000g5k,2014-11-06T23:21:35.014Z,"88 km ENE of Sar?han, India",earthquake,,,,,reviewed,us,us
1976-02-05T12:04:34.300Z,31.32,76.953,37,5,mb,,,,,us,usp0000ey1,2022-04-27T17:15:39.640Z,"18 km WNW of Seoni, India",earthquake,,,,,reviewed,us,us
1975-11-06T00:11:33.900Z,29.497,78.084,33,4.9,mb,,,,,us,usp0000df1,2022-04-27T17:26:53.929Z,"4 km WNW of Mand?war, India",earthquake,,,,,reviewed,us,us
1975-11-05T00:35:57.200Z,32.035,78.809,28,5.2,mb,,,,,us,usp0000deh,2022-04-27T17:26:38.443Z,"112 km ENE of Sar?han, India",earthquake,,,,,reviewed,us,us
1975-09-19T17:59:33.000Z,31.973,78.476,33,5.1,mb,,,,,us,usp0000cvm,2014-11-06T23:21:32.073Z,"82 km NE of Sar?han, India",earthquake,,,,,reviewed,us,us
1975-09-19T17:53:13.900Z,32.221,78.937,33,4.3,mb,,,,,us,usp0000cvj,2014-11-06T23:21:32.072Z,"133 km NE of Sar?han, India",earthquake,,,,,reviewed,us,us
1975-09-16T04:20:25.100Z,32.379,76.454,44,4.6,mb,,,,,us,usp0000ctw,2014-11-06T23:21:32.037Z,"21 km NE of Dharamsala, India",earthquake,,,,,reviewed,us,us
1975-08-23T03:08:56.300Z,30.614,79.453,33,4,mb,,,,,us,usp0000cjt,2014-11-06T23:21:31.742Z,"12 km WNW of Josh?math, India",earthquake,,,,,reviewed,us,us
1975-08-14T15:16:40.500Z,31.858,78.38,61,3.9,mb,,,,,us,usp0000cfn,2014-11-06T23:21:31.672Z,"67 km NE of Sar?han, India",earthquake,,,,,reviewed,us,us
1975-07-21T07:26:37.100Z,32.122,78.533,33,4.7,mb,,,,,us,usp0000c3u,2022-04-27T17:38:35.883Z,"97 km NE of Sar?han, India",earthquake,,,,,reviewed,us,us
1975-07-19T07:26:30.500Z,32.335,78.623,33,4.4,mb,,,,,us,usp0000c1k,2014-11-06T23:21:31.254Z,"120 km NE of Sar?han, India",earthquake,,,,,reviewed,us,us
1975-07-19T06:10:54.900Z,31.92,78.605,40,5.3,mb,,,,,us,usp0000c1j,2022-04-27T17:38:06.674Z,"89 km ENE of Sar?han, India",earthquake,,,,,reviewed,us,us
1975-05-11T06:48:38.500Z,31.963,78.581,26,4.8,mb,,,,,us,usp0000azf,2022-04-27T17:44:27.271Z,"89 km NE of Sar?han, India",earthquake,,,,,reviewed,us,us
1975-05-08T11:56:07.000Z,32.383,78.508,33,4.8,mb,,,,,us,usp0000ayr,2022-04-27T17:44:05.745Z,"118 km NE of Sar?han, India",earthquake,,,,,reviewed,us,us
1975-04-09T21:45:40.700Z,31.586,78.512,33,4.5,mb,,,,,us,usp0000aj9,2022-04-27T17:46:46.825Z,"68 km E of Sar?han, India",earthquake,,,,,reviewed,us,us
1975-04-01T16:18:44.000Z,31.877,78.47,33,4.7,mb,,,,,us,usp0000aex,2014-11-06T23:21:29.587Z,"75 km ENE of Sar?han, India",earthquake,,,,,reviewed,us,us
1975-03-10T03:07:03.400Z,32.21,78.781,49,4.9,mb,,,,,us,usp0000a69,2022-04-27T17:49:48.426Z,"121 km NE of Sar?han, India",earthquake,,,,,reviewed,us,us
1975-02-11T06:41:33.200Z,32.153,78.477,33,4.7,mb,,,,,us,usp00009w6,2014-11-06T23:21:28.837Z,"Kashmir-Xizang border region",earthquake,,,,,reviewed,us,us
1975-01-31T14:04:11.000Z,32.417,78.479,45,4.6,mb,,,,,us,usp00009r8,2014-11-06T23:21:28.676Z,"119 km NNE of Sar?han, India",earthquake,,,,,reviewed,us,us
1975-01-29T15:49:25.900Z,31.879,78.485,33,4.9,mb,,,,,us,usp00009qq,2022-04-27T17:57:43.586Z,"77 km ENE of Sar?han, India",earthquake,,,,,reviewed,us,us
1975-01-27T13:41:38.800Z,32.316,78.496,33,4.8,mb,,,,,us,usp00009px,2014-11-06T23:21:28.628Z,"111 km NE of Sar?han, India",earthquake,,,,,reviewed,us,us
1975-01-27T09:23:37.700Z,32.029,78.637,33,4.9,mb,,,,,us,usp00009pu,2022-04-27T17:57:40.017Z,"98 km NE of Sar?han, India",earthquake,,,,,reviewed,us,us
1975-01-27T08:10:18.700Z,32.464,78.728,33,5,mb,,,,,us,usp00009ps,2022-04-27T17:57:38.544Z,"137 km NE of Sar?han, India",earthquake,,,,,reviewed,us,us
1975-01-22T17:26:38.100Z,31.899,78.507,51,4.7,mb,,,,,us,usp00009ks,2022-04-27T17:57:32.274Z,"80 km ENE of Sar?han, India",earthquake,,,,,reviewed,us,us
1975-01-20T13:24:12.700Z,32.126,78.546,33,4.6,mb,,,,,us,usp00009jy,2014-11-06T23:21:28.477Z,"98 km NE of Sar?han, India",earthquake,,,,,reviewed,us,us
1975-01-20T11:06:53.900Z,32.501,78.566,48,4.8,mb,,,,,us,usp00009jx,2022-04-27T17:57:09.258Z,"Kashmir-Xizang border region",earthquake,,,,,reviewed,us,us
1975-01-19T13:04:36.600Z,32.131,78.642,33,5,mb,,,,,us,usp00009jm,2022-04-27T17:56:55.627Z,"105 km NE of Sar?han, India",earthquake,,,,,reviewed,us,us
1975-01-19T10:39:38.600Z,32.203,78.627,33,3.8,mb,,,,,us,usp00009jk,2014-11-06T23:21:28.463Z,"110 km NE of Sar?han, India",earthquake,,,,,reviewed,us,us
1975-01-19T09:12:55.600Z,32.414,78.531,33,4.7,mb,,,,,us,usp00009jh,2014-11-06T23:21:28.461Z,"122 km NE of Sar?han, India",earthquake,,,,,reviewed,us,us
1975-01-19T08:18:23.800Z,32.112,78.508,33,4.8,mb,,,,,us,usp00009jg,2014-11-06T23:21:28.460Z,"95 km NE of Sar?han, India",earthquake,,,,,reviewed,us,us
1975-01-19T08:12:08.100Z,31.95,78.521,33,6,mb,,,,,us,usp00009jf,2022-04-27T17:56:54.276Z,"84 km NE of Sar?han, India",earthquake,,,,,reviewed,us,us
1975-01-19T08:02:02.500Z,32.455,78.43,33,6.8,ms,,,,,us,usp00009jd,2022-04-27T17:56:49.144Z,"120 km E of Man?li, India",earthquake,,,,,reviewed,us,us
1975-01-19T08:00:24.300Z,32.437,78.599,60,5.3,mb,,,,,us,usp00009jc,2022-04-27T17:56:44.704Z,"127 km NE of Sar?han, India",earthquake,,,,,reviewed,us,us
1974-07-07T20:56:49.700Z,30.638,78.692,33,4.9,mb,,,,,us,usp000071b,2022-04-27T18:15:05.398Z,"25 km ESE of Uttark?shi, India",earthquake,,,,,reviewed,us,us
1974-02-24T21:32:08.800Z,30.943,78.053,45,4.7,mb,,,,,us,usp00005d8,2014-11-06T23:21:22.989Z,"20 km NW of Barkot, India",earthquake,,,,,reviewed,us,us
1973-12-16T09:16:14.100Z,32.284,76.028,33,4.9,mb,,,,,us,usp00004jj,2022-04-27T18:33:42.724Z,"3 km N of Kotla, India",earthquake,,,,,reviewed,us,us
1972-09-06T02:51:29.020Z,32.398,78.414,10,5.28,mw,,,,,iscgem,iscgem769118,2022-04-26T20:41:19.379Z,"114 km NNE of Sar?han, India",earthquake,,8.6,0.23,,reviewed,iscgem,iscgem
1970-03-05T18:34:21.100Z,32.376,76.608,15,5.11,mw,,,,,iscgem,iscgem797561,2022-04-26T21:44:46.248Z,"29 km N of P?lampur, India",earthquake,,12.7,0.27,,reviewed,iscgem,iscgem
1969-06-22T01:33:24.550Z,30.499,79.376,16,5.53,mw,,,,,iscgem,iscgem808239,2022-04-26T22:05:18.395Z,"9 km NNW of P?palkoti, India",earthquake,,3.9,0.25,,reviewed,iscgem,iscgem
1969-03-03T06:20:22.160Z,30.076,79.97,16,5.32,mw,,,,,iscgem,iscgem810469,2022-04-26T22:10:11.531Z,"32 km NE of B?geshwar, India",earthquake,,8.1,0.2,,reviewed,iscgem,iscgem
1968-11-05T02:02:43.860Z,32.293,76.483,15,5.19,mw,,,,,iscgem,iscgem814813,2022-04-26T22:17:13.388Z,"17 km ENE of Dharamsala, India",earthquake,,12.7,0.2,,reviewed,iscgem,iscgem
1968-01-05T06:42:48.630Z,30.38,79.302,19.9,5.26,mw,,,,,iscgem,iscgem826993,2022-04-26T22:39:29.091Z,"13 km WSW of P?palkoti, India",earthquake,,12.4,0.2,,reviewed,iscgem,iscgem
1966-08-15T02:15:32.670Z,28.565,78.961,27,5.6,mw,,,,,iscgem,iscgem844491,2022-04-26T23:11:53.950Z,"4 km W of Sh?h?b?d, India",earthquake,,4.6,0.2,,reviewed,iscgem,iscgem
1966-03-06T02:10:56.670Z,31.525,80.487,20,6.7,mw,,,,,iscgem,iscgem848978,2022-04-26T20:29:25.533Z,"138 km NE of Josh?math, India",earthquake,,25,0.54,,reviewed,iscgem,iscgem
1965-05-13T10:51:15.560Z,29.8,80.271,15,5.21,mw,,,,,iscgem,iscgem856834,2022-04-26T23:39:48.154Z,"24 km WSW of Dh?rchula, India",earthquake,,11.9,0.2,,reviewed,iscgem,iscgem
1965-03-18T02:41:27.160Z,29.732,80.365,15,5.4,mw,,,,,iscgem,iscgem858684,2022-04-26T23:43:09.224Z,"19 km SW of Dh?rchula, India",earthquake,,7.6,0.2,,reviewed,iscgem,iscgem
1964-09-26T00:46:01.270Z,29.829,80.474,25,5.9,mw,,,,,iscgem,iscgem864679,2022-04-26T23:58:37.256Z,"4 km WSW of Dh?rchula, India",earthquake,,11.9,0.2,,reviewed,iscgem,iscgem
1963-04-12T00:41:29.330Z,31.885,78.781,30,5.48,mw,,,,,iscgem,iscgem872138,2022-04-27T00:20:06.092Z,"102 km ENE of Sar?han, India",earthquake,,25,0.61,,reviewed,iscgem,iscgem
1958-12-28T05:34:40.950Z,29.926,79.9,15,6.06,mw,,,,,iscgem,iscgem885771,2022-04-26T17:06:43.668Z,"15 km NE of B?geshwar, India",earthquake,,8.1,0.2,,reviewed,iscgem,iscgem
1955-06-27T10:14:12.650Z,32.294,78.506,15,6.15,mw,,,,,iscgem,iscgem889685,2022-04-26T17:34:58.271Z,"109 km NE of Sar?han, India",earthquake,,8.6,0.2,,reviewed,iscgem,iscgem
1949-02-05T08:55:24.930Z,31.12,79.447,15,5.84,mw,,,,,iscgem,iscgem896313,2022-04-26T18:34:12.376Z,"63 km N of Josh?math, India",earthquake,,25,0.35,,reviewed,iscgem,iscgem
1948-05-05T08:31:49.130Z,30.518,78.475,15,5.51,mw,,,,,iscgem,iscgem897313,2022-04-26T18:41:40.215Z,"14 km N of Tehri, India",earthquake,,18,0.62,,reviewed,iscgem,iscgem
1947-08-19T20:07:10.820Z,31.182,80.013,15,5.99,mw,,,,,iscgem,iscgem897998,2022-04-26T18:50:27.782Z,"81 km NNE of Josh?math, India",earthquake,,25,0.63,,reviewed,iscgem,iscgem
1945-06-04T12:08:59.980Z,30.271,80.118,15,6.37,mw,,,,,iscgem,iscgem898946,2022-04-26T19:01:14.994Z,"58 km NE of B?geshwar, India",earthquake,,55.5,0.2,,reviewed,iscgem,iscgem
1937-10-20T01:23:48.060Z,30.913,78.228,15,5.92,mw,,,,,iscgem,iscgem903305,2022-04-25T21:17:30.038Z,"11 km N of Barkot, India",earthquake,,12.4,0.24,,reviewed,iscgem,iscgem
1935-03-15T10:33:55.740Z,29.621,79.672,15,5.53,mw,,,,,iscgem,iscgem904159,2022-04-25T21:08:33.540Z,"2 km NNE of Almora, India",earthquake,,25,0.2,,reviewed,iscgem,iscgem
1935-03-05T22:15:56.510Z,29.822,80.371,15,6.04,mw,,,,,iscgem,iscgem904141,2022-04-25T21:31:52.651Z,"14 km W of Dh?rchula, India",earthquake,,11.9,0.2,,reviewed,iscgem,iscgem
1929-01-14T09:45:30.050Z,31.218,77.292,15,5.6,mw,,,,,iscgem,iscgem907855,2022-04-25T22:36:03.649Z,"12 km NNW of Theog, India",earthquake,,54.4,0.2,,reviewed,iscgem,iscgem
1914-10-09T02:39:13.480Z,32.313,76.037,20,6.26,mw,,,,,iscgem,iscgem914010,2022-04-26T00:07:37.405Z,"6 km N of Kotla, India",earthquake,,14.4,0.41,,reviewed,iscgem,iscgem
1911-10-14T23:24:00.000Z,30.993,80.336,20,6.55,mw,,,,,iscgem,iscgem16958167,2022-04-25T20:33:36.663Z,"88 km ENE of Josh?math, India",earthquake,,25,0.45,,reviewed,iscgem,iscgem
1906-02-27T19:41:19.560Z,31.894,76.112,15,6.61,mw,,,,,iscgemsup,iscgemsup610548628,2022-05-09T15:23:43.858Z,"10 km W of Dera Gopipur, India",earthquake,,15.1,0.79,,reviewed,iscgemsup,iscgemsup
